word_id,word,pinyin,video_url,sort_order,category
00000103_0,抱歉,bàoqiàn,https://ai-avatar-static.vivo.com.cn/ai-avatar/sign_language_word_00000103.mp4,0,communicate
00004670_0,不喜欢,bù xĭhuān,https://ai-avatar-static.vivo.com.cn/ai-avatar/sign_language_word_00004670.mp4,1,communicate
00000053_0,不行①,bùxíng,https://ai-avatar-static.vivo.com.cn/ai-avatar/sign_language_word_00000053.mp4,2,communicate
00004672,不一定①,bùyīdìng,https://ai-avatar-static.vivo.com.cn/ai-avatar/sign_language_word_00004672.mp4,3,communicate
00000061_0,不知道①,bù zhīdào,https://ai-avatar-static.vivo.com.cn/ai-avatar/sign_language_word_00000061.mp4,4,communicate
00000313_0,差不多,chà·buduō,https://ai-avatar-static.vivo.com.cn/ai-avatar/sign_language_word_00000313.mp4,5,communicate
00001018,来不及,lái·bují,https://ai-avatar-static.vivo.com.cn/ai-avatar/sign_language_word_00001018.mp4,6,communicate
00001425,来得及,lái dé jí,https://ai-avatar-static.vivo.com.cn/ai-avatar/sign_language_word_00001425.mp4,7,communicate
00000371,没关系①,méi guān xì ,https://ai-avatar-static.vivo.com.cn/ai-avatar/sign_language_word_00000371.mp4,8,communicate
00000031,没有①,méiyŏu,https://ai-avatar-static.vivo.com.cn/ai-avatar/sign_language_word_00000031.mp4,9,communicate
00000089,为什么,wéishén·me,https://ai-avatar-static.vivo.com.cn/ai-avatar/sign_language_word_00000089.mp4,10,communicate
00000096_1,谢谢,xièxie,https://ai-avatar-static.vivo.com.cn/ai-avatar/sign_language_word_00000096.mp4,11,communicate
00000033_4,怎么样,zĕn·meyàng,https://ai-avatar-static.vivo.com.cn/ai-avatar/sign_language_word_00000033.mp4,12,communicate
'00000115,爱,ài,https://photo-storage-bj.vivo.com.cn/ai-avatar/sign_language_word_00000115.mp4,0,common
'00000529,爱情,àiqíng,https://photo-storage-bj.vivo.com.cn/ai-avatar/sign_language_word_00000529.mp4,1,common
00000289_0,爱人,ài·ren,https://photo-storage-bj.vivo.com.cn/ai-avatar/sign_language_word_00000289.mp4,2,common
'00001737,安,ān,https://photo-storage-bj.vivo.com.cn/ai-avatar/sign_language_word_00001737.mp4,3,common
'00001896,安全带①,ānquándài,https://photo-storage-bj.vivo.com.cn/ai-avatar/sign_language_word_00001896.mp4,4,common
'00001897,安全带②,ānquándài,https://photo-storage-bj.vivo.com.cn/ai-avatar/sign_language_word_00001897.mp4,5,common
00001247_1,傲慢②,àomàn,https://photo-storage-bj.vivo.com.cn/ai-avatar/sign_language_word_00001247.mp4,6,common
00000517_1,八,bā,https://photo-storage-bj.vivo.com.cn/ai-avatar/sign_language_word_00000517.mp4,7,common
00006867_2,八月,bāyuè,https://photo-storage-bj.vivo.com.cn/ai-avatar/sign_language_word_00006867.mp4,8,common
'00000055,把,bǎ,https://photo-storage-bj.vivo.com.cn/ai-avatar/sign_language_word_00000055.mp4,9,common
00000194_1,爸爸,bà·bɑ,https://photo-storage-bj.vivo.com.cn/ai-avatar/sign_language_word_00000194.mp4,10,common
'00001013,白,bái,https://photo-storage-bj.vivo.com.cn/ai-avatar/sign_language_word_00001013.mp4,11,common
00000526_1,拜年,bàinián,https://photo-storage-bj.vivo.com.cn/ai-avatar/sign_language_word_00000526.mp4,12,common
'00003472,拜师,bàishī,https://photo-storage-bj.vivo.com.cn/ai-avatar/sign_language_word_00003472.mp4,13,common
00000535_0,班②,bān,https://photo-storage-bj.vivo.com.cn/ai-avatar/sign_language_word_00000535.mp4,14,common
00001705_1,颁奖②,bānjiǎng,https://photo-storage-bj.vivo.com.cn/ai-avatar/sign_language_word_00001705.mp4,15,common
00004535_0,斑马线,bānmǎxiàn,https://photo-storage-bj.vivo.com.cn/ai-avatar/sign_language_word_00004535.mp4,16,common
00000536_0,搬,bān,https://photo-storage-bj.vivo.com.cn/ai-avatar/sign_language_word_00000536.mp4,17,common
00000197_0,办法,bànfǎ,https://photo-storage-bj.vivo.com.cn/ai-avatar/sign_language_word_00000197.mp4,18,common
00000465_0,半,bàn,https://photo-storage-bj.vivo.com.cn/ai-avatar/sign_language_word_00000465.mp4,19,common
'00000266,帮助,bāngzhù,https://photo-storage-bj.vivo.com.cn/ai-avatar/sign_language_word_00000266.mp4,20,common
00000216_0,包②,bāo,https://photo-storage-bj.vivo.com.cn/ai-avatar/sign_language_word_00000216.mp4,21,common
00000568_0,包涵②,bāo·hán,https://photo-storage-bj.vivo.com.cn/ai-avatar/sign_language_word_00000568.mp4,22,common
00000780_2,包容,bāoróng,https://photo-storage-bj.vivo.com.cn/ai-avatar/sign_language_word_00000780.mp4,23,common
'00001156,包子,bāo·zi,https://photo-storage-bj.vivo.com.cn/ai-avatar/sign_language_word_00001156.mp4,24,common
00001103_1,饱②,bǎo,https://photo-storage-bj.vivo.com.cn/ai-avatar/sign_language_word_00001103.mp4,25,common
00000563_1,宝宝,bǎo·bɑo,https://photo-storage-bj.vivo.com.cn/ai-avatar/sign_language_word_00000563.mp4,26,common
'00000551,宝贝,bǎo·bèi,https://photo-storage-bj.vivo.com.cn/ai-avatar/sign_language_word_00000551.mp4,27,common
00000250_2,宝贵,bǎoguì,https://photo-storage-bj.vivo.com.cn/ai-avatar/sign_language_word_00000250.mp4,28,common
00000484_0,保护②,bǎohù,https://photo-storage-bj.vivo.com.cn/ai-avatar/sign_language_word_00000484.mp4,29,common
00000767_1,保密,bǎomì,https://photo-storage-bj.vivo.com.cn/ai-avatar/sign_language_word_00000767.mp4,30,common
00000484_1,保障②,bǎozhàng,https://photo-storage-bj.vivo.com.cn/ai-avatar/sign_language_word_00000484.mp4,31,common
00000278_1,报名,bàomíng,https://photo-storage-bj.vivo.com.cn/ai-avatar/sign_language_word_00000278.mp4,32,common
'00000697,报纸,bàozhĭ,https://photo-storage-bj.vivo.com.cn/ai-avatar/sign_language_word_00000697.mp4,33,common
00000780_0,抱,bào,https://photo-storage-bj.vivo.com.cn/ai-avatar/sign_language_word_00000780.mp4,34,common
00000103_0,抱歉,bào,https://photo-storage-bj.vivo.com.cn/ai-avatar/sign_language_word_00000103.mp4,35,common
'00001684,杯子,bēi·zi,https://photo-storage-bj.vivo.com.cn/ai-avatar/sign_language_word_00001684.mp4,36,common
00000316_4,悲惨,bēicǎn,https://photo-storage-bj.vivo.com.cn/ai-avatar/sign_language_word_00000316.mp4,37,common
00000188_0,北京,Bĕijīng,https://photo-storage-bj.vivo.com.cn/ai-avatar/sign_language_word_00000188.mp4,38,common
00000579_1,背面,bèimiàn,https://photo-storage-bj.vivo.com.cn/ai-avatar/sign_language_word_00000579.mp4,39,common
'00002971,倍,bèi,https://photo-storage-bj.vivo.com.cn/ai-avatar/sign_language_word_00002971.mp4,40,common
'00000144,被,bèi,https://photo-storage-bj.vivo.com.cn/ai-avatar/sign_language_word_00000144.mp4,41,common
00000263_1,本,bĕn,https://photo-storage-bj.vivo.com.cn/ai-avatar/sign_language_word_00000263.mp4,42,common
'00000912,笨,bèn,https://photo-storage-bj.vivo.com.cn/ai-avatar/sign_language_word_00000912.mp4,43,common
00000489_1,鼻涕,bítì,https://photo-storage-bj.vivo.com.cn/ai-avatar/sign_language_word_00000489.mp4,44,common
00001063_2,比划,bĭ·huɑ,https://photo-storage-bj.vivo.com.cn/ai-avatar/sign_language_word_00001063.mp4,45,common
00000101_0,比较,bĭjiào,https://photo-storage-bj.vivo.com.cn/ai-avatar/sign_language_word_00000101.mp4,46,common
00000101_1,比赛,bĭsài,https://photo-storage-bj.vivo.com.cn/ai-avatar/sign_language_word_00000101.mp4,47,common
00000798_2,彼此,bĭcĭ,https://photo-storage-bj.vivo.com.cn/ai-avatar/sign_language_word_00000798.mp4,48,common
00000074_0,必须,bìxū,https://photo-storage-bj.vivo.com.cn/ai-avatar/sign_language_word_00000074.mp4,49,common
'00000347,毕业,bìyè,https://photo-storage-bj.vivo.com.cn/ai-avatar/sign_language_word_00000347.mp4,50,common
00000365_1,编码,biānmǎ,https://photo-storage-bj.vivo.com.cn/ai-avatar/sign_language_word_00000365.mp4,51,common
00000331_0,变化,biànhuà,https://photo-storage-bj.vivo.com.cn/ai-avatar/sign_language_word_00000331.mp4,52,common
00000150_2,便捷,biànjié,https://photo-storage-bj.vivo.com.cn/ai-avatar/sign_language_word_00000150.mp4,53,common
00000150_3,便利,biànlì,https://photo-storage-bj.vivo.com.cn/ai-avatar/sign_language_word_00000150.mp4,54,common
00001340_3,遍地,biàndì,https://photo-storage-bj.vivo.com.cn/ai-avatar/sign_language_word_00001340.mp4,55,common
00000177_3,标题②,biāotí,https://photo-storage-bj.vivo.com.cn/ai-avatar/sign_language_word_00000177.mp4,56,common
00000523_0,标准,biāozhŭn,https://photo-storage-bj.vivo.com.cn/ai-avatar/sign_language_word_00000523.mp4,57,common
'00000606,表格,biǎogé,https://photo-storage-bj.vivo.com.cn/ai-avatar/sign_language_word_00000606.mp4,58,common
00000762_0,表演,biǎoyǎn,https://photo-storage-bj.vivo.com.cn/ai-avatar/sign_language_word_00000762.mp4,59,common
00000240_1,宾馆,bīnguǎn,https://photo-storage-bj.vivo.com.cn/ai-avatar/sign_language_word_00000240.mp4,60,common
00000366_3,濒临,bīnlín,https://photo-storage-bj.vivo.com.cn/ai-avatar/sign_language_word_00000366.mp4,61,common
00000996_1,冰②,bīng,https://photo-storage-bj.vivo.com.cn/ai-avatar/sign_language_word_00000996.mp4,62,common
00000846_1,秉性,bĭngxìng,https://photo-storage-bj.vivo.com.cn/ai-avatar/sign_language_word_00000846.mp4,63,common
'00002299,博士,bóshì,https://photo-storage-bj.vivo.com.cn/ai-avatar/sign_language_word_00002299.mp4,64,common
00000010_0,不,bù,https://photo-storage-bj.vivo.com.cn/ai-avatar/sign_language_word_00000010.mp4,65,common
00000061_1,不懂,bùdŏng,https://photo-storage-bj.vivo.com.cn/ai-avatar/sign_language_word_00000061.mp4,66,common
00000317_2,不管,bùguǎn,https://photo-storage-bj.vivo.com.cn/ai-avatar/sign_language_word_00000317.mp4,67,common
00000061_3,不会,bùhuì,https://photo-storage-bj.vivo.com.cn/ai-avatar/sign_language_word_00000061.mp4,68,common
00000120_1,不久,bùjiŭ,https://photo-storage-bj.vivo.com.cn/ai-avatar/sign_language_word_00000120.mp4,69,common
00000317_0,不论,bùlùn,https://photo-storage-bj.vivo.com.cn/ai-avatar/sign_language_word_00000317.mp4,70,common
00000054_1,不能②,bùnéng,https://photo-storage-bj.vivo.com.cn/ai-avatar/sign_language_word_00000054.mp4,71,common
00004670_0,不喜欢,bùxĭhuān,https://photo-storage-bj.vivo.com.cn/ai-avatar/sign_language_word_00004670.mp4,72,common
00000054_0,不行②,bùxíng,https://photo-storage-bj.vivo.com.cn/ai-avatar/sign_language_word_00000054.mp4,73,common
00000061_0,不知道①,bùzhīdào,https://photo-storage-bj.vivo.com.cn/ai-avatar/sign_language_word_00000061.mp4,74,common
00000178_1,布,bù,https://photo-storage-bj.vivo.com.cn/ai-avatar/sign_language_word_00000178.mp4,75,common
00000875_0,步骤,bùzhòu,https://photo-storage-bj.vivo.com.cn/ai-avatar/sign_language_word_00000875.mp4,76,common
'00000922,部分,bù·fen,https://photo-storage-bj.vivo.com.cn/ai-avatar/sign_language_word_00000922.mp4,77,common
'00001308,擦,cā,https://photo-storage-bj.vivo.com.cn/ai-avatar/sign_language_word_00001308.mp4,78,common
00000428_0,猜,cāi,https://photo-storage-bj.vivo.com.cn/ai-avatar/sign_language_word_00000428.mp4,79,common
00000217_3,才能,cáinéng,https://photo-storage-bj.vivo.com.cn/ai-avatar/sign_language_word_00000217.mp4,80,common
00000075_2,材料①,cáiliào,https://photo-storage-bj.vivo.com.cn/ai-avatar/sign_language_word_00000075.mp4,81,common
00000186_2,采纳,cǎinà,https://photo-storage-bj.vivo.com.cn/ai-avatar/sign_language_word_00000186.mp4,82,common
00000276_1,彩色,cǎisè,https://photo-storage-bj.vivo.com.cn/ai-avatar/sign_language_word_00000276.mp4,83,common
00000190_0,菜,cài,https://photo-storage-bj.vivo.com.cn/ai-avatar/sign_language_word_00000190.mp4,84,common
00000404_0,参观,cānguān,https://photo-storage-bj.vivo.com.cn/ai-avatar/sign_language_word_00000404.mp4,85,common
00000239_0,参加,cānjiā,https://photo-storage-bj.vivo.com.cn/ai-avatar/sign_language_word_00000239.mp4,86,common
00000236_2,餐厅,cāntīng,https://photo-storage-bj.vivo.com.cn/ai-avatar/sign_language_word_00000236.mp4,87,common
00000472_2,仓促,cāngcù,https://photo-storage-bj.vivo.com.cn/ai-avatar/sign_language_word_00000472.mp4,88,common
00000263_2,册,cè,https://photo-storage-bj.vivo.com.cn/ai-avatar/sign_language_word_00000263.mp4,89,common
00000360_1,测验,cèyàn,https://photo-storage-bj.vivo.com.cn/ai-avatar/sign_language_word_00000360.mp4,90,common
00000083_1,曾经,céngjīng,https://photo-storage-bj.vivo.com.cn/ai-avatar/sign_language_word_00000083.mp4,91,common
00000479_0,茶,chá,https://photo-storage-bj.vivo.com.cn/ai-avatar/sign_language_word_00000479.mp4,92,common
00000479_3,茶叶①,cháyè,https://photo-storage-bj.vivo.com.cn/ai-avatar/sign_language_word_00000479.mp4,93,common
00000313_0,差不多,chà·buduō,https://photo-storage-bj.vivo.com.cn/ai-avatar/sign_language_word_00000313.mp4,94,common
00000609_0,馋,chán,https://photo-storage-bj.vivo.com.cn/ai-avatar/sign_language_word_00000609.mp4,95,common
00000441_1,阐明,chǎnmíng,https://photo-storage-bj.vivo.com.cn/ai-avatar/sign_language_word_00000441.mp4,96,common
'00000373,长,cháng,https://photo-storage-bj.vivo.com.cn/ai-avatar/sign_language_word_00000373.mp4,97,common
'00001526,长城,Chángchéng,https://photo-storage-bj.vivo.com.cn/ai-avatar/sign_language_word_00001526.mp4,98,common
'00002990,长江,Chángjiāng,https://photo-storage-bj.vivo.com.cn/ai-avatar/sign_language_word_00002990.mp4,99,common
00000385_1,场合,chǎnghé,https://photo-storage-bj.vivo.com.cn/ai-avatar/sign_language_word_00000385.mp4,100,common
00000585_0,唱歌,chànggē,https://photo-storage-bj.vivo.com.cn/ai-avatar/sign_language_word_00000585.mp4,101,common
00000597_1,超过,chāoguò,https://photo-storage-bj.vivo.com.cn/ai-avatar/sign_language_word_00000597.mp4,102,common
'00000698,超市,chāoshì,https://photo-storage-bj.vivo.com.cn/ai-avatar/sign_language_word_00000698.mp4,103,common
00000597_2,超越①,chāoyuè,https://photo-storage-bj.vivo.com.cn/ai-avatar/sign_language_word_00000597.mp4,104,common
00000668_0,吵架,chǎojià,https://photo-storage-bj.vivo.com.cn/ai-avatar/sign_language_word_00000668.mp4,105,common
00000275_2,成功②,chénggōng,https://photo-storage-bj.vivo.com.cn/ai-avatar/sign_language_word_00000275.mp4,106,common
00000716_0,成果,chéngguŏ,https://photo-storage-bj.vivo.com.cn/ai-avatar/sign_language_word_00000716.mp4,107,common
00000619_0,成绩,chéngjì,https://photo-storage-bj.vivo.com.cn/ai-avatar/sign_language_word_00000619.mp4,108,common
00001160_0,诚实,chéngshí,https://photo-storage-bj.vivo.com.cn/ai-avatar/sign_language_word_00001160.mp4,109,common
00000415_1,城市,chéngshì,https://photo-storage-bj.vivo.com.cn/ai-avatar/sign_language_word_00000415.mp4,110,common
00000034_0,吃,chī,https://photo-storage-bj.vivo.com.cn/ai-avatar/sign_language_word_00000034.mp4,111,common
00000374_2,吃药,chīyào,https://photo-storage-bj.vivo.com.cn/ai-avatar/sign_language_word_00000374.mp4,112,common
00001068_1,驰名,chímíng,https://photo-storage-bj.vivo.com.cn/ai-avatar/sign_language_word_00001068.mp4,113,common
00000658_2,齿轮,chĭlún,https://photo-storage-bj.vivo.com.cn/ai-avatar/sign_language_word_00000658.mp4,114,common
00000395_1,充足,chōngzú,https://photo-storage-bj.vivo.com.cn/ai-avatar/sign_language_word_00000395.mp4,115,common
00000114_1,筹备,chóubèi,https://photo-storage-bj.vivo.com.cn/ai-avatar/sign_language_word_00000114.mp4,116,common
00000020_1,出,chū,https://photo-storage-bj.vivo.com.cn/ai-avatar/sign_language_word_00000020.mp4,117,common
00000480_1,出差,chūchāi,https://photo-storage-bj.vivo.com.cn/ai-avatar/sign_language_word_00000480.mp4,118,common
00000592_2,出其不意,chūqíbùyì,https://photo-storage-bj.vivo.com.cn/ai-avatar/sign_language_word_00000592.mp4,119,common
00001295_3,出生,chūshēng,https://photo-storage-bj.vivo.com.cn/ai-avatar/sign_language_word_00001295.mp4,120,common
00000239_1,出席,chūxí,https://photo-storage-bj.vivo.com.cn/ai-avatar/sign_language_word_00000239.mp4,121,common
00000487_1,出现②,chūxiàn,https://photo-storage-bj.vivo.com.cn/ai-avatar/sign_language_word_00000487.mp4,122,common
00000363_2,初,chū,https://photo-storage-bj.vivo.com.cn/ai-avatar/sign_language_word_00000363.mp4,123,common
'00000791,厨房,chúfáng,https://photo-storage-bj.vivo.com.cn/ai-avatar/sign_language_word_00000791.mp4,124,common
00000161_1,处理②,chŭlĭ,https://photo-storage-bj.vivo.com.cn/ai-avatar/sign_language_word_00000161.mp4,125,common
00000161_2,处置,chŭzhì,https://photo-storage-bj.vivo.com.cn/ai-avatar/sign_language_word_00000161.mp4,126,common
00001625_1,矗立,chùlì,https://photo-storage-bj.vivo.com.cn/ai-avatar/sign_language_word_00001625.mp4,127,common
00001202_1,川流不息②,chuānliú-bùxī,https://photo-storage-bj.vivo.com.cn/ai-avatar/sign_language_word_00001202.mp4,128,common
00000205_0,穿,chuān,https://photo-storage-bj.vivo.com.cn/ai-avatar/sign_language_word_00000205.mp4,129,common
00000536_2,传送,chuánsòng,https://photo-storage-bj.vivo.com.cn/ai-avatar/sign_language_word_00000536.mp4,130,common
'00001219,传真,chuánzhēn,https://photo-storage-bj.vivo.com.cn/ai-avatar/sign_language_word_00001219.mp4,131,common
00001358_0,船,chuán,https://photo-storage-bj.vivo.com.cn/ai-avatar/sign_language_word_00001358.mp4,132,common
'00003521,春②,chūn,https://photo-storage-bj.vivo.com.cn/ai-avatar/sign_language_word_00003521.mp4,133,common
'00001097,春节,Chūnjié,https://photo-storage-bj.vivo.com.cn/ai-avatar/sign_language_word_00001097.mp4,134,common
00000187_2,纯洁,chúnjié,https://photo-storage-bj.vivo.com.cn/ai-avatar/sign_language_word_00000187.mp4,135,common
'00001331,词,cí,https://photo-storage-bj.vivo.com.cn/ai-avatar/sign_language_word_00001331.mp4,136,common
00003992_0,词典,cídiǎn,https://photo-storage-bj.vivo.com.cn/ai-avatar/sign_language_word_00003992.mp4,137,common
'00001001,次,cì,https://photo-storage-bj.vivo.com.cn/ai-avatar/sign_language_word_00001001.mp4,138,common
00000443_0,聪明②,cōng·míng,https://photo-storage-bj.vivo.com.cn/ai-avatar/sign_language_word_00000443.mp4,139,common
00000131_0,从,cóng,https://photo-storage-bj.vivo.com.cn/ai-avatar/sign_language_word_00000131.mp4,140,common
00000094_3,从而①,cóng'ér,https://photo-storage-bj.vivo.com.cn/ai-avatar/sign_language_word_00000094.mp4,141,common
00000095_3,从而②,cóng'ér,https://photo-storage-bj.vivo.com.cn/ai-avatar/sign_language_word_00000095.mp4,142,common
00000287_1,从来,cónglái,https://photo-storage-bj.vivo.com.cn/ai-avatar/sign_language_word_00000287.mp4,143,common
00000197_2,措施,cuòshī,https://photo-storage-bj.vivo.com.cn/ai-avatar/sign_language_word_00000197.mp4,144,common
00000512_0,错误,cuòwù,https://photo-storage-bj.vivo.com.cn/ai-avatar/sign_language_word_00000512.mp4,145,common
'00000861,答案,dá'àn,https://photo-storage-bj.vivo.com.cn/ai-avatar/sign_language_word_00000861.mp4,146,common
00000180_1,答应,dá·ying,https://photo-storage-bj.vivo.com.cn/ai-avatar/sign_language_word_00000180.mp4,147,common
'00000130,打,dǎ,https://photo-storage-bj.vivo.com.cn/ai-avatar/sign_language_word_00000130.mp4,148,common
00000985_1,打扮,dǎ·bɑn,https://photo-storage-bj.vivo.com.cn/ai-avatar/sign_language_word_00000985.mp4,149,common
00000945_0,打工,dǎgōng,https://photo-storage-bj.vivo.com.cn/ai-avatar/sign_language_word_00000945.mp4,150,common
00000394_0,打扰,dǎrǎo,https://photo-storage-bj.vivo.com.cn/ai-avatar/sign_language_word_00000394.mp4,151,common
'00000158,打算,dǎ·suàn,https://photo-storage-bj.vivo.com.cn/ai-avatar/sign_language_word_00000158.mp4,152,common
'00000868,打折,dǎzhé,https://photo-storage-bj.vivo.com.cn/ai-avatar/sign_language_word_00000868.mp4,153,common
00000112_0,大,dà,https://photo-storage-bj.vivo.com.cn/ai-avatar/sign_language_word_00000112.mp4,154,common
00000140_0,大家,dàjiā,https://photo-storage-bj.vivo.com.cn/ai-avatar/sign_language_word_00000140.mp4,155,common
00001239_1,大名鼎鼎,dàmíng-dĭngdĭng,https://photo-storage-bj.vivo.com.cn/ai-avatar/sign_language_word_00001239.mp4,156,common
00002999_0,大使馆,dàshĭguǎn,https://photo-storage-bj.vivo.com.cn/ai-avatar/sign_language_word_00002999.mp4,157,common
'00000285,大学,dàxué,https://photo-storage-bj.vivo.com.cn/ai-avatar/sign_language_word_00000285.mp4,158,common
00000223_0,大约,dàyuē,https://photo-storage-bj.vivo.com.cn/ai-avatar/sign_language_word_00000223.mp4,159,common
00000262_1,代替,dàitì,https://photo-storage-bj.vivo.com.cn/ai-avatar/sign_language_word_00000262.mp4,160,common
00000139_0,带①,dài,https://photo-storage-bj.vivo.com.cn/ai-avatar/sign_language_word_00000139.mp4,161,common
00000080_1,带②,dài,https://photo-storage-bj.vivo.com.cn/ai-avatar/sign_language_word_00000080.mp4,162,common
'00000340,贷款,dàikuǎn,https://photo-storage-bj.vivo.com.cn/ai-avatar/sign_language_word_00000340.mp4,163,common
'00001388,戴,dài,https://photo-storage-bj.vivo.com.cn/ai-avatar/sign_language_word_00001388.mp4,164,common
00000198_0,担心,dānxīn,https://photo-storage-bj.vivo.com.cn/ai-avatar/sign_language_word_00000198.mp4,165,common
00000150_4,单纯②,dānchún,https://photo-storage-bj.vivo.com.cn/ai-avatar/sign_language_word_00000150.mp4,166,common
00000507_1,单据,dānjù,https://photo-storage-bj.vivo.com.cn/ai-avatar/sign_language_word_00000507.mp4,167,common
00000349_2,耽误②,dānwù,https://photo-storage-bj.vivo.com.cn/ai-avatar/sign_language_word_00000349.mp4,168,common
00001481_1,胆量,dǎnliàng,https://photo-storage-bj.vivo.com.cn/ai-avatar/sign_language_word_00001481.mp4,169,common
00001295_2,诞生,dànshēng,https://photo-storage-bj.vivo.com.cn/ai-avatar/sign_language_word_00001295.mp4,170,common
'00000710,蛋糕②,dàngāo,https://photo-storage-bj.vivo.com.cn/ai-avatar/sign_language_word_00000710.mp4,171,common
00000008_1,当,dāng,https://photo-storage-bj.vivo.com.cn/ai-avatar/sign_language_word_00000008.mp4,172,common
00000325_1,当时,dāngshí,https://photo-storage-bj.vivo.com.cn/ai-avatar/sign_language_word_00000325.mp4,173,common
'00001742,刀,dāo,https://photo-storage-bj.vivo.com.cn/ai-avatar/sign_language_word_00001742.mp4,174,common
'00000773,导游②,dǎoyóu,https://photo-storage-bj.vivo.com.cn/ai-avatar/sign_language_word_00000773.mp4,175,common
00000349_3,导致,dǎozhì,https://photo-storage-bj.vivo.com.cn/ai-avatar/sign_language_word_00000349.mp4,176,common
'00000048,到,dào,https://photo-storage-bj.vivo.com.cn/ai-avatar/sign_language_word_00000048.mp4,177,common
'00001042,到处②,dàochù,https://photo-storage-bj.vivo.com.cn/ai-avatar/sign_language_word_00001042.mp4,178,common
'00000291,倒,dào,https://photo-storage-bj.vivo.com.cn/ai-avatar/sign_language_word_00000291.mp4,179,common
00000283_1,道理②,dào·lĭ,https://photo-storage-bj.vivo.com.cn/ai-avatar/sign_language_word_00000283.mp4,180,common
00001493_0,道路,dàolù,https://photo-storage-bj.vivo.com.cn/ai-avatar/sign_language_word_00001493.mp4,181,common
00000103_1,道歉,dàoqiàn,https://photo-storage-bj.vivo.com.cn/ai-avatar/sign_language_word_00000103.mp4,182,common
'00001647,得意,déyì,https://photo-storage-bj.vivo.com.cn/ai-avatar/sign_language_word_00001647.mp4,183,common
'00000111,地方,dìfāng,https://photo-storage-bj.vivo.com.cn/ai-avatar/sign_language_word_00000111.mp4,184,common
'00001691,地球,dìqiú,https://photo-storage-bj.vivo.com.cn/ai-avatar/sign_language_word_00001691.mp4,185,common
'00000993,地铁,dìtiĕ,https://photo-storage-bj.vivo.com.cn/ai-avatar/sign_language_word_00000993.mp4,186,common
'00001140,地图②,dìtú,https://photo-storage-bj.vivo.com.cn/ai-avatar/sign_language_word_00001140.mp4,187,common
'00000488,地址,dìzhĭ,https://photo-storage-bj.vivo.com.cn/ai-avatar/sign_language_word_00000488.mp4,188,common
00000278_2,登记,dēngjì,https://photo-storage-bj.vivo.com.cn/ai-avatar/sign_language_word_00000278.mp4,189,common
00000100_0,等,dĕng,https://photo-storage-bj.vivo.com.cn/ai-avatar/sign_language_word_00000100.mp4,190,common
00000104_2,等同,dĕngtóng,https://photo-storage-bj.vivo.com.cn/ai-avatar/sign_language_word_00000104.mp4,191,common
'00000305,弟弟,dì·di,https://photo-storage-bj.vivo.com.cn/ai-avatar/sign_language_word_00000305.mp4,192,common
00000427_1,第二①,dì-èr,https://photo-storage-bj.vivo.com.cn/ai-avatar/sign_language_word_00000427.mp4,193,common
'00000971,第一①,dì-yī,https://photo-storage-bj.vivo.com.cn/ai-avatar/sign_language_word_00000971.mp4,194,common
'00000513,第一次,dìyīcì,https://photo-storage-bj.vivo.com.cn/ai-avatar/sign_language_word_00000513.mp4,195,common
00001220.1_2,点,diǎn,https://photo-storage-bj.vivo.com.cn/ai-avatar/sign_language_word_00001220.mp4,196,common
00001274_1,电,diàn,https://photo-storage-bj.vivo.com.cn/ai-avatar/sign_language_word_00001274.mp4,197,common
00000135_0,电话,diànhuà,https://photo-storage-bj.vivo.com.cn/ai-avatar/sign_language_word_00000135.mp4,198,common
'00001141,电梯,diàntī,https://photo-storage-bj.vivo.com.cn/ai-avatar/sign_language_word_00001141.mp4,199,common
00000258_0,电影,diànyĭng,https://photo-storage-bj.vivo.com.cn/ai-avatar/sign_language_word_00000258.mp4,200,common
'00001843,电影院,diànyĭngyuàn,https://photo-storage-bj.vivo.com.cn/ai-avatar/sign_language_word_00001843.mp4,201,common
'00001648,电子,diànzĭ,https://photo-storage-bj.vivo.com.cn/ai-avatar/sign_language_word_00001648.mp4,202,common
'00001074,电子邮件,diànziyóujiàn,https://photo-storage-bj.vivo.com.cn/ai-avatar/sign_language_word_00001074.mp4,203,common
00000216_3,叠①,dié,https://photo-storage-bj.vivo.com.cn/ai-avatar/sign_language_word_00000216.mp4,204,common
00000262_2,顶替,dĭngtì,https://photo-storage-bj.vivo.com.cn/ai-avatar/sign_language_word_00000262.mp4,205,common
00000434_0,丢,diū,https://photo-storage-bj.vivo.com.cn/ai-avatar/sign_language_word_00000434.mp4,206,common
'00002309,东②,dōng,https://photo-storage-bj.vivo.com.cn/ai-avatar/sign_language_word_00002309.mp4,207,common
00000075_1,东西①,dōng·xi,https://photo-storage-bj.vivo.com.cn/ai-avatar/sign_language_word_00000075.mp4,208,common
00000076_1,东西②,dōng·xi,https://photo-storage-bj.vivo.com.cn/ai-avatar/sign_language_word_00000076.mp4,209,common
00000025_1,懂,dŏng,https://photo-storage-bj.vivo.com.cn/ai-avatar/sign_language_word_00000025.mp4,210,common
00001799_0,动车②,dòngchē,https://photo-storage-bj.vivo.com.cn/ai-avatar/sign_language_word_00001799.mp4,211,common
'00000929,动物,dòngwù,https://photo-storage-bj.vivo.com.cn/ai-avatar/sign_language_word_00000929.mp4,212,common
'00001360,动作,dòngzuò,https://photo-storage-bj.vivo.com.cn/ai-avatar/sign_language_word_00001360.mp4,213,common
00000015_0,都,dōu,https://photo-storage-bj.vivo.com.cn/ai-avatar/sign_language_word_00000015.mp4,214,common
'00001058,堵车,dŭchē,https://photo-storage-bj.vivo.com.cn/ai-avatar/sign_language_word_00001058.mp4,215,common
00000497_1,杜绝②,dùjué,https://photo-storage-bj.vivo.com.cn/ai-avatar/sign_language_word_00000497.mp4,216,common
00000504_1,端正②,duānzhèng,https://photo-storage-bj.vivo.com.cn/ai-avatar/sign_language_word_00000504.mp4,217,common
'00000930,短,duǎn,https://photo-storage-bj.vivo.com.cn/ai-avatar/sign_language_word_00000930.mp4,218,common
'00000889,短信,duǎnxìn,https://photo-storage-bj.vivo.com.cn/ai-avatar/sign_language_word_00000889.mp4,219,common
00000103_3,对不起①,duì·buqĭ,https://photo-storage-bj.vivo.com.cn/ai-avatar/sign_language_word_00000103.mp4,220,common
'00000189,对不起②,duì·buqĭ,https://photo-storage-bj.vivo.com.cn/ai-avatar/sign_language_word_00000189.mp4,221,common
00001191_0,对话,duìhuà,https://photo-storage-bj.vivo.com.cn/ai-avatar/sign_language_word_00001191.mp4,222,common
'00001608,对面,duìmiàn,https://photo-storage-bj.vivo.com.cn/ai-avatar/sign_language_word_00001608.mp4,223,common
'00000486,对于,duìyú,https://photo-storage-bj.vivo.com.cn/ai-avatar/sign_language_word_00000486.mp4,224,common
00000362_3,对照,duìzhào,https://photo-storage-bj.vivo.com.cn/ai-avatar/sign_language_word_00000362.mp4,225,common
00000362_2,对证,duìzhèng,https://photo-storage-bj.vivo.com.cn/ai-avatar/sign_language_word_00000362.mp4,226,common
00000129_3,顿时,dùnshí,https://photo-storage-bj.vivo.com.cn/ai-avatar/sign_language_word_00000129.mp4,227,common
'00000059,多,duō,https://photo-storage-bj.vivo.com.cn/ai-avatar/sign_language_word_00000059.mp4,228,common
00000073_3,多少,duōshǎo,https://photo-storage-bj.vivo.com.cn/ai-avatar/sign_language_word_00000073.mp4,229,common
00000125_2,多少钱,duō·shɑoqián,https://photo-storage-bj.vivo.com.cn/ai-avatar/sign_language_word_00000125.mp4,230,common
'00000343,饿,è,https://photo-storage-bj.vivo.com.cn/ai-avatar/sign_language_word_00000343.mp4,231,common
00000969_1,儿童,értóng,https://photo-storage-bj.vivo.com.cn/ai-avatar/sign_language_word_00000969.mp4,232,common
'00000320,儿子①,ér·zi,https://photo-storage-bj.vivo.com.cn/ai-avatar/sign_language_word_00000320.mp4,233,common
00000280_1,儿子②,ér·zi,https://photo-storage-bj.vivo.com.cn/ai-avatar/sign_language_word_00000280.mp4,234,common
00000408_1,二,èr,https://photo-storage-bj.vivo.com.cn/ai-avatar/sign_language_word_00000408.mp4,235,common
00006861_2,二月,èryuè,https://photo-storage-bj.vivo.com.cn/ai-avatar/sign_language_word_00006861.mp4,236,common
00000208_0,发,fā,https://photo-storage-bj.vivo.com.cn/ai-avatar/sign_language_word_00000208.mp4,237,common
'00000862,发烧,fāshāo,https://photo-storage-bj.vivo.com.cn/ai-avatar/sign_language_word_00000862.mp4,238,common
00000265_0,发生,fāshēng,https://photo-storage-bj.vivo.com.cn/ai-avatar/sign_language_word_00000265.mp4,239,common
'00000193,发现②,fāxiàn,https://photo-storage-bj.vivo.com.cn/ai-avatar/sign_language_word_00000193.mp4,240,common
'00000448,发展,fāzhǎn,https://photo-storage-bj.vivo.com.cn/ai-avatar/sign_language_word_00000448.mp4,241,common
'00001694,法①,fǎ,https://photo-storage-bj.vivo.com.cn/ai-avatar/sign_language_word_00001694.mp4,242,common
00000801_1,法规,fǎguī,https://photo-storage-bj.vivo.com.cn/ai-avatar/sign_language_word_00000801.mp4,243,common
00000801_0,法律,fǎlǜ,https://photo-storage-bj.vivo.com.cn/ai-avatar/sign_language_word_00000801.mp4,244,common
'00002836,法院,fǎyuàn,https://photo-storage-bj.vivo.com.cn/ai-avatar/sign_language_word_00002836.mp4,245,common
00000801_2,法则,fǎzé,https://photo-storage-bj.vivo.com.cn/ai-avatar/sign_language_word_00000801.mp4,246,common
'00001127,翻译,fānyì,https://photo-storage-bj.vivo.com.cn/ai-avatar/sign_language_word_00001127.mp4,247,common
00000871_4,反差,fǎnchā,https://photo-storage-bj.vivo.com.cn/ai-avatar/sign_language_word_00000871.mp4,248,common
00000871_2,反倒,fǎndào,https://photo-storage-bj.vivo.com.cn/ai-avatar/sign_language_word_00000871.mp4,249,common
00000497_3,反对②,fǎnduì,https://photo-storage-bj.vivo.com.cn/ai-avatar/sign_language_word_00000497.mp4,250,common
00000579_0,反面①,fǎnmiàn,https://photo-storage-bj.vivo.com.cn/ai-avatar/sign_language_word_00000579.mp4,251,common
00000236_1,饭店,fàndiàn,https://photo-storage-bj.vivo.com.cn/ai-avatar/sign_language_word_00000236.mp4,252,common
'00000586,方,fāng,https://photo-storage-bj.vivo.com.cn/ai-avatar/sign_language_word_00000586.mp4,253,common
'00001044,方案,fāng'àn,https://photo-storage-bj.vivo.com.cn/ai-avatar/sign_language_word_00001044.mp4,254,common
00000150_1,方便,fāngbiàn,https://photo-storage-bj.vivo.com.cn/ai-avatar/sign_language_word_00000150.mp4,255,common
'00000520,方法,fāngfǎ,https://photo-storage-bj.vivo.com.cn/ai-avatar/sign_language_word_00000520.mp4,256,common
'00000309,方式,fāngshì,https://photo-storage-bj.vivo.com.cn/ai-avatar/sign_language_word_00000309.mp4,257,common
'00001128,方向,fāngxiàng,https://photo-storage-bj.vivo.com.cn/ai-avatar/sign_language_word_00001128.mp4,258,common
00000233_4,方向盘,fāngxiàngpán,https://photo-storage-bj.vivo.com.cn/ai-avatar/sign_language_word_00000233.mp4,259,common
00000349_1,妨碍,fáng'ài,https://photo-storage-bj.vivo.com.cn/ai-avatar/sign_language_word_00000349.mp4,260,common
00000121_2,房子,fáng·zi,https://photo-storage-bj.vivo.com.cn/ai-avatar/sign_language_word_00000121.mp4,261,common
00000093_2,仿佛,fǎngfú,https://photo-storage-bj.vivo.com.cn/ai-avatar/sign_language_word_00000093.mp4,262,common
00000109_1,访问,fǎngwèn,https://photo-storage-bj.vivo.com.cn/ai-avatar/sign_language_word_00000109.mp4,263,common
00000241_0,放,fàng,https://photo-storage-bj.vivo.com.cn/ai-avatar/sign_language_word_00000241.mp4,264,common
00000241_1,放弃,fàngqì,https://photo-storage-bj.vivo.com.cn/ai-avatar/sign_language_word_00000241.mp4,265,common
'00000355,放心,fàngxīn,https://photo-storage-bj.vivo.com.cn/ai-avatar/sign_language_word_00000355.mp4,266,common
00000396_0,飞机,fēijī,https://photo-storage-bj.vivo.com.cn/ai-avatar/sign_language_word_00000396.mp4,267,common
00000451_5,费,fèi,https://photo-storage-bj.vivo.com.cn/ai-avatar/sign_language_word_00000451.mp4,268,common
00000410_0,分钟,fēnzhōng,https://photo-storage-bj.vivo.com.cn/ai-avatar/sign_language_word_00000410.mp4,269,common
'00000995,丰富,fēngfù,https://photo-storage-bj.vivo.com.cn/ai-avatar/sign_language_word_00000995.mp4,270,common
'00004076,丰收,fēngshōu,https://photo-storage-bj.vivo.com.cn/ai-avatar/sign_language_word_00004076.mp4,271,common
'00000215,服务,fúwù,https://photo-storage-bj.vivo.com.cn/ai-avatar/sign_language_word_00000215.mp4,272,common
'00000670,服务员,fúwùyuán,https://photo-storage-bj.vivo.com.cn/ai-avatar/sign_language_word_00000670.mp4,273,common
00000259_0,符合,fúhé,https://photo-storage-bj.vivo.com.cn/ai-avatar/sign_language_word_00000259.mp4,274,common
'00014503,福建,Fújiàn,https://photo-storage-bj.vivo.com.cn/ai-avatar/sign_language_word_00014503.mp4,275,common
'00000421,负责,fùzé,https://photo-storage-bj.vivo.com.cn/ai-avatar/sign_language_word_00000421.mp4,276,common
'00001076,复习,fùxí,https://photo-storage-bj.vivo.com.cn/ai-avatar/sign_language_word_00001076.mp4,277,common
'00001652,复印,fùyìn,https://photo-storage-bj.vivo.com.cn/ai-avatar/sign_language_word_00001652.mp4,278,common
00000427_2,副,fù,https://photo-storage-bj.vivo.com.cn/ai-avatar/sign_language_word_00000427.mp4,279,common
00002418_2,富,fù,https://photo-storage-bj.vivo.com.cn/ai-avatar/sign_language_word_00002418.mp4,280,common
00002418_0,富裕,fùyù,https://photo-storage-bj.vivo.com.cn/ai-avatar/sign_language_word_00002418.mp4,281,common
00000331_1,改变,gǎibiàn,https://photo-storage-bj.vivo.com.cn/ai-avatar/sign_language_word_00000331.mp4,282,common
'00000671,感动,gǎndòng,https://photo-storage-bj.vivo.com.cn/ai-avatar/sign_language_word_00000671.mp4,283,common
'00000117,感觉,gǎnjué,https://photo-storage-bj.vivo.com.cn/ai-avatar/sign_language_word_00000117.mp4,284,common
00000489_0,感冒,gǎnmào,https://photo-storage-bj.vivo.com.cn/ai-avatar/sign_language_word_00000489.mp4,285,common
'00000412,感情,gǎnqíng,https://photo-storage-bj.vivo.com.cn/ai-avatar/sign_language_word_00000412.mp4,286,common
'00000972,感受,gǎnshòu,https://photo-storage-bj.vivo.com.cn/ai-avatar/sign_language_word_00000972.mp4,287,common
00000096_0,感谢,gǎnxiè,https://photo-storage-bj.vivo.com.cn/ai-avatar/sign_language_word_00000096.mp4,288,common
'00000269,干,gān,https://photo-storage-bj.vivo.com.cn/ai-avatar/sign_language_word_00000269.mp4,289,common
00000802_0,干净,gānjìng,https://photo-storage-bj.vivo.com.cn/ai-avatar/sign_language_word_00000802.mp4,290,common
00000120_0,刚才,gāngcái,https://photo-storage-bj.vivo.com.cn/ai-avatar/sign_language_word_00000120.mp4,291,common
'00000227,高,gāo,https://photo-storage-bj.vivo.com.cn/ai-avatar/sign_language_word_00000227.mp4,292,common
'00002129,高铁②,gāotiĕ,https://photo-storage-bj.vivo.com.cn/ai-avatar/sign_language_word_00002129.mp4,293,common
00000113_0,高兴,gāoxìng,https://photo-storage-bj.vivo.com.cn/ai-avatar/sign_language_word_00000113.mp4,294,common
'00001243,高中,gāozhōng,https://photo-storage-bj.vivo.com.cn/ai-avatar/sign_language_word_00001243.mp4,295,common
00000064_1,告诉,gàosù,https://photo-storage-bj.vivo.com.cn/ai-avatar/sign_language_word_00000064.mp4,296,common
'00000288,哥哥,gē·ge,https://photo-storage-bj.vivo.com.cn/ai-avatar/sign_language_word_00000288.mp4,297,common
00001420_0,胳膊,gē·bo,https://photo-storage-bj.vivo.com.cn/ai-avatar/sign_language_word_00001420.mp4,298,common
'00000081,个,gè,https://photo-storage-bj.vivo.com.cn/ai-avatar/sign_language_word_00000081.mp4,299,common
00000176_1,各,gè,https://photo-storage-bj.vivo.com.cn/ai-avatar/sign_language_word_00000176.mp4,300,common
'00000027,给,gěi,https://photo-storage-bj.vivo.com.cn/ai-avatar/sign_language_word_00000027.mp4,301,common
00000161_4,根②,gēn,https://photo-storage-bj.vivo.com.cn/ai-avatar/sign_language_word_00000161.mp4,302,common
00000473_0,根据,gēnjù,https://photo-storage-bj.vivo.com.cn/ai-avatar/sign_language_word_00000473.mp4,303,common
00000062_0,跟,gēn,https://photo-storage-bj.vivo.com.cn/ai-avatar/sign_language_word_00000062.mp4,304,common
00000062_1,跟随,gēnsuí,https://photo-storage-bj.vivo.com.cn/ai-avatar/sign_language_word_00000062.mp4,305,common
00000012_2,更①,gèng,https://photo-storage-bj.vivo.com.cn/ai-avatar/sign_language_word_00000012.mp4,306,common
00000013_2,更②,gèng,https://photo-storage-bj.vivo.com.cn/ai-avatar/sign_language_word_00000013.mp4,307,common
'00001701,工人,gōngrén,https://photo-storage-bj.vivo.com.cn/ai-avatar/sign_language_word_00001701.mp4,308,common
00000470_0,工资,gōngzī,https://photo-storage-bj.vivo.com.cn/ai-avatar/sign_language_word_00000470.mp4,309,common
00000047_0,工作①,gōngzuò,https://photo-storage-bj.vivo.com.cn/ai-avatar/sign_language_word_00000047.mp4,310,common
00002761_1,公,gōng,https://photo-storage-bj.vivo.com.cn/ai-avatar/sign_language_word_00002761.mp4,311,common
'00001077,公交车,gōngjiāochē,https://photo-storage-bj.vivo.com.cn/ai-avatar/sign_language_word_00001077.mp4,312,common
00001611_0,公斤,gōngjīn,https://photo-storage-bj.vivo.com.cn/ai-avatar/sign_language_word_00001611.mp4,313,common
'00000803,公平,gōngpíng,https://photo-storage-bj.vivo.com.cn/ai-avatar/sign_language_word_00000803.mp4,314,common
'00000079,公司,gōngsī,https://photo-storage-bj.vivo.com.cn/ai-avatar/sign_language_word_00000079.mp4,315,common
'00000983,公园,gōngyuán,https://photo-storage-bj.vivo.com.cn/ai-avatar/sign_language_word_00000983.mp4,316,common
00001382_1,恭敬,gōngjìng,https://photo-storage-bj.vivo.com.cn/ai-avatar/sign_language_word_00001382.mp4,317,common
'00001390,共同,gòngtóng,https://photo-storage-bj.vivo.com.cn/ai-avatar/sign_language_word_00001390.mp4,318,common
'00001391,狗①,gŏu,https://photo-storage-bj.vivo.com.cn/ai-avatar/sign_language_word_00001391.mp4,319,common
00000395_0,够,gòu,https://photo-storage-bj.vivo.com.cn/ai-avatar/sign_language_word_00000395.mp4,320,common
'00000344,估计,gūjì,https://photo-storage-bj.vivo.com.cn/ai-avatar/sign_language_word_00000344.mp4,321,common
00000376_1,姑娘,gū·niɑng,https://photo-storage-bj.vivo.com.cn/ai-avatar/sign_language_word_00000376.mp4,322,common
00001192_0,鼓励,gŭlì,https://photo-storage-bj.vivo.com.cn/ai-avatar/sign_language_word_00001192.mp4,323,common
00001192_1,鼓舞,gŭwŭ,https://photo-storage-bj.vivo.com.cn/ai-avatar/sign_language_word_00001192.mp4,324,common
00000474_0,鼓掌,gŭzhǎng,https://photo-storage-bj.vivo.com.cn/ai-avatar/sign_language_word_00000474.mp4,325,common
'00000973,故事,gù·shi,https://photo-storage-bj.vivo.com.cn/ai-avatar/sign_language_word_00000973.mp4,326,common
00000646_0,故意,gùyì,https://photo-storage-bj.vivo.com.cn/ai-avatar/sign_language_word_00000646.mp4,327,common
00000382_1,顾客,gùkè,https://photo-storage-bj.vivo.com.cn/ai-avatar/sign_language_word_00000382.mp4,328,common
00001285_1,刮风,guāfēng,https://photo-storage-bj.vivo.com.cn/ai-avatar/sign_language_word_00001285.mp4,329,common
'00000754,挂②,guà,https://photo-storage-bj.vivo.com.cn/ai-avatar/sign_language_word_00000754.mp4,330,common
00000185_1,关系,guān·xì,https://photo-storage-bj.vivo.com.cn/ai-avatar/sign_language_word_00000185.mp4,331,common
00000369_0,关心,guānxīn,https://photo-storage-bj.vivo.com.cn/ai-avatar/sign_language_word_00000369.mp4,332,common
'00000314,关于,guānyú,https://photo-storage-bj.vivo.com.cn/ai-avatar/sign_language_word_00000314.mp4,333,common
00000404_3,观察,guānchá,https://photo-storage-bj.vivo.com.cn/ai-avatar/sign_language_word_00000404.mp4,334,common
00000437_3,官②,guān,https://photo-storage-bj.vivo.com.cn/ai-avatar/sign_language_word_00000437.mp4,335,common
00000781_0,管理,guǎnlĭ,https://photo-storage-bj.vivo.com.cn/ai-avatar/sign_language_word_00000781.mp4,336,common
'00002055,广播,guǎngbō,https://photo-storage-bj.vivo.com.cn/ai-avatar/sign_language_word_00002055.mp4,337,common
00000385_0,广场,guǎngchǎng,https://photo-storage-bj.vivo.com.cn/ai-avatar/sign_language_word_00000385.mp4,338,common
00001340_1,广泛,guǎngfàn,https://photo-storage-bj.vivo.com.cn/ai-avatar/sign_language_word_00001340.mp4,339,common
'00000436,广告,guǎnggào,https://photo-storage-bj.vivo.com.cn/ai-avatar/sign_language_word_00000436.mp4,340,common
'00000891,逛街,guàngjiē,https://photo-storage-bj.vivo.com.cn/ai-avatar/sign_language_word_00000891.mp4,341,common
'00000475,规定①,guīdìng,https://photo-storage-bj.vivo.com.cn/ai-avatar/sign_language_word_00000475.mp4,342,common
00000523_1,规范①,guīfàn,https://photo-storage-bj.vivo.com.cn/ai-avatar/sign_language_word_00000523.mp4,343,common
00000886_1,规范②,guīfàn,https://photo-storage-bj.vivo.com.cn/ai-avatar/sign_language_word_00000886.mp4,344,common
'00001496,规则,guīzé,https://photo-storage-bj.vivo.com.cn/ai-avatar/sign_language_word_00001496.mp4,345,common
00000250_0,贵,guì,https://photo-storage-bj.vivo.com.cn/ai-avatar/sign_language_word_00000250.mp4,346,common
'00001850,国籍①,guójí,https://photo-storage-bj.vivo.com.cn/ai-avatar/sign_language_word_00001850.mp4,347,common
00000310_1,国际②,guójì,https://photo-storage-bj.vivo.com.cn/ai-avatar/sign_language_word_00000310.mp4,348,common
'00000332,国家,guójiā,https://photo-storage-bj.vivo.com.cn/ai-avatar/sign_language_word_00000332.mp4,349,common
'00000782,过程,guòchéng,https://photo-storage-bj.vivo.com.cn/ai-avatar/sign_language_word_00000782.mp4,350,common
00000083_2,过去,guòqù,https://photo-storage-bj.vivo.com.cn/ai-avatar/sign_language_word_00000083.mp4,351,common
'00001618,咳嗽,ké·sou,https://photo-storage-bj.vivo.com.cn/ai-avatar/sign_language_word_00001618.mp4,352,common
00000019_2,还①,hái,https://photo-storage-bj.vivo.com.cn/ai-avatar/sign_language_word_00000019.mp4,353,common
00000969_4,孩子,hái·zi,https://photo-storage-bj.vivo.com.cn/ai-avatar/sign_language_word_00000969.mp4,354,common
00001746_2,海浪,hǎilàng,https://photo-storage-bj.vivo.com.cn/ai-avatar/sign_language_word_00001746.mp4,355,common
00001746_1,海洋,hǎiyáng,https://photo-storage-bj.vivo.com.cn/ai-avatar/sign_language_word_00001746.mp4,356,common
00000342_2,害怕,hàipà,https://photo-storage-bj.vivo.com.cn/ai-avatar/sign_language_word_00000342.mp4,357,common
00001656_0,害羞,hàixiū,https://photo-storage-bj.vivo.com.cn/ai-avatar/sign_language_word_00001656.mp4,358,common
'00001909,寒假,hánjià,https://photo-storage-bj.vivo.com.cn/ai-avatar/sign_language_word_00001909.mp4,359,common
00000102_0,喊,hǎn,https://photo-storage-bj.vivo.com.cn/ai-avatar/sign_language_word_00000102.mp4,360,common
00000527_1,汗,hàn,https://photo-storage-bj.vivo.com.cn/ai-avatar/sign_language_word_00000527.mp4,361,common
00000396_1,航空,hángkōng,https://photo-storage-bj.vivo.com.cn/ai-avatar/sign_language_word_00000396.mp4,362,common
'00000017,好,hǎo,https://photo-storage-bj.vivo.com.cn/ai-avatar/sign_language_word_00000017.mp4,363,common
00000521_2,好处,hǎochù,https://photo-storage-bj.vivo.com.cn/ai-avatar/sign_language_word_00000521.mp4,364,common
00000365_0,号码,hàomǎ,https://photo-storage-bj.vivo.com.cn/ai-avatar/sign_language_word_00000365.mp4,365,common
'00000175,喝,hē,https://photo-storage-bj.vivo.com.cn/ai-avatar/sign_language_word_00000175.mp4,366,common
'00001223,合格,hégé,https://photo-storage-bj.vivo.com.cn/ai-avatar/sign_language_word_00001223.mp4,367,common
00000259_2,合适①,héshì,https://photo-storage-bj.vivo.com.cn/ai-avatar/sign_language_word_00000259.mp4,368,common
00000336_0,合适②,héshì,https://photo-storage-bj.vivo.com.cn/ai-avatar/sign_language_word_00000336.mp4,369,common
'00000590,合作,hézuò,https://photo-storage-bj.vivo.com.cn/ai-avatar/sign_language_word_00000590.mp4,370,common
00000023_0,和,hé,https://photo-storage-bj.vivo.com.cn/ai-avatar/sign_language_word_00000023.mp4,371,common
00002327_1,和睦,hémù,https://photo-storage-bj.vivo.com.cn/ai-avatar/sign_language_word_00002327.mp4,372,common
00002327_0,和谐,héxié,https://photo-storage-bj.vivo.com.cn/ai-avatar/sign_language_word_00002327.mp4,373,common
00005207_0,河,hé,https://photo-storage-bj.vivo.com.cn/ai-avatar/sign_language_word_00005207.mp4,374,common
00000362_4,核对,héduì,https://photo-storage-bj.vivo.com.cn/ai-avatar/sign_language_word_00000362.mp4,375,common
'00002135,盒子,hé·zi,https://photo-storage-bj.vivo.com.cn/ai-avatar/sign_language_word_00002135.mp4,376,common
00000526_4,贺,Hè,https://photo-storage-bj.vivo.com.cn/ai-avatar/sign_language_word_00000526.mp4,377,common
'00000892,黑,hēi,https://photo-storage-bj.vivo.com.cn/ai-avatar/sign_language_word_00000892.mp4,378,common
'00003603,黑板,hēibǎn,https://photo-storage-bj.vivo.com.cn/ai-avatar/sign_language_word_00003603.mp4,379,common
00000012_4,很①,hĕn,https://photo-storage-bj.vivo.com.cn/ai-avatar/sign_language_word_00000012.mp4,380,common
00000013_4,很②,hĕn,https://photo-storage-bj.vivo.com.cn/ai-avatar/sign_language_word_00000013.mp4,381,common
'00001163,红,hóng,https://photo-storage-bj.vivo.com.cn/ai-avatar/sign_language_word_00001163.mp4,382,common
00000515_1,后悔,hòuhuĭ,https://photo-storage-bj.vivo.com.cn/ai-avatar/sign_language_word_00000515.mp4,383,common
00000579_2,后面,hòumiàn,https://photo-storage-bj.vivo.com.cn/ai-avatar/sign_language_word_00000579.mp4,384,common
00000592_1,忽然,hūrán,https://photo-storage-bj.vivo.com.cn/ai-avatar/sign_language_word_00000592.mp4,385,common
'00001461,互联网,hùliánwǎng,https://photo-storage-bj.vivo.com.cn/ai-avatar/sign_language_word_00001461.mp4,386,common
'00000932,互相,hùxiāng,https://photo-storage-bj.vivo.com.cn/ai-avatar/sign_language_word_00000932.mp4,387,common
'00001462,护士,hù·shi,https://photo-storage-bj.vivo.com.cn/ai-avatar/sign_language_word_00001462.mp4,388,common
'00000457,护照,hùzhào,https://photo-storage-bj.vivo.com.cn/ai-avatar/sign_language_word_00000457.mp4,389,common
00000190_2,华,huá,https://photo-storage-bj.vivo.com.cn/ai-avatar/sign_language_word_00000190.mp4,390,common
00000641_0,怀疑,huáiyí,https://photo-storage-bj.vivo.com.cn/ai-avatar/sign_language_word_00000641.mp4,391,common
'00000449,坏,huài,https://photo-storage-bj.vivo.com.cn/ai-avatar/sign_language_word_00000449.mp4,392,common
00000474_1,欢迎①,huānyíng,https://photo-storage-bj.vivo.com.cn/ai-avatar/sign_language_word_00000474.mp4,393,common
'00000506,欢迎②,huānyíng,https://photo-storage-bj.vivo.com.cn/ai-avatar/sign_language_word_00000506.mp4,394,common
00000385_3,环境,huánjìng,https://photo-storage-bj.vivo.com.cn/ai-avatar/sign_language_word_00000385.mp4,395,common
00000262_0,换,huàn,https://photo-storage-bj.vivo.com.cn/ai-avatar/sign_language_word_00000262.mp4,396,common
'00000155,回家①,huíjiā,https://photo-storage-bj.vivo.com.cn/ai-avatar/sign_language_word_00000155.mp4,397,common
00001497_0,回忆,huíyì,https://photo-storage-bj.vivo.com.cn/ai-avatar/sign_language_word_00001497.mp4,398,common
'00000039,会,huì,https://photo-storage-bj.vivo.com.cn/ai-avatar/sign_language_word_00000039.mp4,399,common
00001191_1,会话,huìhuà,https://photo-storage-bj.vivo.com.cn/ai-avatar/sign_language_word_00001191.mp4,400,common
00000267_1,会议,huìyì,https://photo-storage-bj.vivo.com.cn/ai-avatar/sign_language_word_00000267.mp4,401,common
'00001246,会员,huìyuán,https://photo-storage-bj.vivo.com.cn/ai-avatar/sign_language_word_00001246.mp4,402,common
00002686_0,绘画,huìhuà,https://photo-storage-bj.vivo.com.cn/ai-avatar/sign_language_word_00002686.mp4,403,common
'00000384,活动,huódòng,https://photo-storage-bj.vivo.com.cn/ai-avatar/sign_language_word_00000384.mp4,404,common
00000524_0,活泼,huópō,https://photo-storage-bj.vivo.com.cn/ai-avatar/sign_language_word_00000524.mp4,405,common
'00000574,火车,huŏchē,https://photo-storage-bj.vivo.com.cn/ai-avatar/sign_language_word_00000574.mp4,406,common
'00001266,火锅,huŏguō,https://photo-storage-bj.vivo.com.cn/ai-avatar/sign_language_word_00001266.mp4,407,common
00000105_1,伙伴,huŏbàn,https://photo-storage-bj.vivo.com.cn/ai-avatar/sign_language_word_00000105.mp4,408,common
'00000272,或者,huòzhĕ,https://photo-storage-bj.vivo.com.cn/ai-avatar/sign_language_word_00000272.mp4,409,common
00000082_1,货币,huòbì,https://photo-storage-bj.vivo.com.cn/ai-avatar/sign_language_word_00000082.mp4,410,common
'00000438,机场,jīchǎng,https://photo-storage-bj.vivo.com.cn/ai-avatar/sign_language_word_00000438.mp4,411,common
00000220_0,机会,jīhuì,https://photo-storage-bj.vivo.com.cn/ai-avatar/sign_language_word_00000220.mp4,412,common
00000767_2,机密,jīmì,https://photo-storage-bj.vivo.com.cn/ai-avatar/sign_language_word_00000767.mp4,413,common
00000658_1,机器,jī·qì,https://photo-storage-bj.vivo.com.cn/ai-avatar/sign_language_word_00000658.mp4,414,common
'00001287,鸡,jī,https://photo-storage-bj.vivo.com.cn/ai-avatar/sign_language_word_00001287.mp4,415,common
'00000765,鸡蛋,jīdàn,https://photo-storage-bj.vivo.com.cn/ai-avatar/sign_language_word_00000765.mp4,416,common
00000485_1,基本,jībĕn,https://photo-storage-bj.vivo.com.cn/ai-avatar/sign_language_word_00000485.mp4,417,common
00000485_0,基础,jīchŭ,https://photo-storage-bj.vivo.com.cn/ai-avatar/sign_language_word_00000485.mp4,418,common
'00001080,基金,jījīn,https://photo-storage-bj.vivo.com.cn/ai-avatar/sign_language_word_00001080.mp4,419,common
'00000893,激动,jīdòng,https://photo-storage-bj.vivo.com.cn/ai-avatar/sign_language_word_00000893.mp4,420,common
'00001059,及时①,jíshí,https://photo-storage-bj.vivo.com.cn/ai-avatar/sign_language_word_00001059.mp4,421,common
00000012_3,极①,jí,https://photo-storage-bj.vivo.com.cn/ai-avatar/sign_language_word_00000012.mp4,422,common
00000013_3,极②,jí,https://photo-storage-bj.vivo.com.cn/ai-avatar/sign_language_word_00000013.mp4,423,common
00000472_1,急躁,jízào,https://photo-storage-bj.vivo.com.cn/ai-avatar/sign_language_word_00000472.mp4,424,common
'00001753,挤,jĭ,https://photo-storage-bj.vivo.com.cn/ai-avatar/sign_language_word_00001753.mp4,425,common
'00000297,计划,jìhuà,https://photo-storage-bj.vivo.com.cn/ai-avatar/sign_language_word_00000297.mp4,426,common
00001165_0,计较,jìjiào,https://photo-storage-bj.vivo.com.cn/ai-avatar/sign_language_word_00001165.mp4,427,common
00000962_0,计算,jìsuàn,https://photo-storage-bj.vivo.com.cn/ai-avatar/sign_language_word_00000962.mp4,428,common
00000739_0,记录①,jìlù,https://photo-storage-bj.vivo.com.cn/ai-avatar/sign_language_word_00000739.mp4,429,common
'00001614,记忆,jìyì,https://photo-storage-bj.vivo.com.cn/ai-avatar/sign_language_word_00001614.mp4,430,common
'00001975,记者,jìzhĕ,https://photo-storage-bj.vivo.com.cn/ai-avatar/sign_language_word_00001975.mp4,431,common
00000217_0,技术,jìshù,https://photo-storage-bj.vivo.com.cn/ai-avatar/sign_language_word_00000217.mp4,432,common
'00001081,季节,jìjié,https://photo-storage-bj.vivo.com.cn/ai-avatar/sign_language_word_00001081.mp4,433,common
00000091_1,继续,jìxù,https://photo-storage-bj.vivo.com.cn/ai-avatar/sign_language_word_00000091.mp4,434,common
'00000499,加班,jiābān,https://photo-storage-bj.vivo.com.cn/ai-avatar/sign_language_word_00000499.mp4,435,common
00000121_0,家,jiā,https://photo-storage-bj.vivo.com.cn/ai-avatar/sign_language_word_00000121.mp4,436,common
'00000684,家具,jiājù,https://photo-storage-bj.vivo.com.cn/ai-avatar/sign_language_word_00000684.mp4,437,common
'00000552,假,jiǎ,https://photo-storage-bj.vivo.com.cn/ai-avatar/sign_language_word_00000552.mp4,438,common
'00000836,假期,jiàqī,https://photo-storage-bj.vivo.com.cn/ai-avatar/sign_language_word_00000836.mp4,439,common
00000125_0,价格,jiàgé,https://photo-storage-bj.vivo.com.cn/ai-avatar/sign_language_word_00000125.mp4,440,common
00000233_2,驾驶,jiàshĭ,https://photo-storage-bj.vivo.com.cn/ai-avatar/sign_language_word_00000233.mp4,441,common
'00000496,坚持,jiānchí,https://photo-storage-bj.vivo.com.cn/ai-avatar/sign_language_word_00000496.mp4,442,common
00000547_1,艰难①,jiānnán,https://photo-storage-bj.vivo.com.cn/ai-avatar/sign_language_word_00000547.mp4,443,common
00001100_0,减少,jiǎnshǎo,https://photo-storage-bj.vivo.com.cn/ai-avatar/sign_language_word_00001100.mp4,444,common
00000150_0,简单,jiǎndān,https://photo-storage-bj.vivo.com.cn/ai-avatar/sign_language_word_00000150.mp4,445,common
00000473_1,鉴于,jiànyú,https://photo-storage-bj.vivo.com.cn/ai-avatar/sign_language_word_00000473.mp4,446,common
00000145_1,将来,jiānglái,https://photo-storage-bj.vivo.com.cn/ai-avatar/sign_language_word_00000145.mp4,447,common
00000022_1,讲话,jiǎnghuà,https://photo-storage-bj.vivo.com.cn/ai-avatar/sign_language_word_00000022.mp4,448,common
00002063_0,讲课①,jiǎngkè,https://photo-storage-bj.vivo.com.cn/ai-avatar/sign_language_word_00002063.mp4,449,common
'00000848,奖金,jiǎngjīn,https://photo-storage-bj.vivo.com.cn/ai-avatar/sign_language_word_00000848.mp4,450,common
00001705_0,奖励①,jiǎnglì,https://photo-storage-bj.vivo.com.cn/ai-avatar/sign_language_word_00001705.mp4,451,common
'00004155,交警,jiāojĭng,https://photo-storage-bj.vivo.com.cn/ai-avatar/sign_language_word_00004155.mp4,452,common
'00000934,交流,jiāoliú,https://photo-storage-bj.vivo.com.cn/ai-avatar/sign_language_word_00000934.mp4,453,common
00000201_1,交易,jiāoyì,https://photo-storage-bj.vivo.com.cn/ai-avatar/sign_language_word_00000201.mp4,454,common
00001916_0,郊区,jiāoqū,https://photo-storage-bj.vivo.com.cn/ai-avatar/sign_language_word_00001916.mp4,455,common
'00001396,骄傲①,jiāo'ào,https://photo-storage-bj.vivo.com.cn/ai-avatar/sign_language_word_00001396.mp4,456,common
00001247_0,骄傲②,jiāo'ào,https://photo-storage-bj.vivo.com.cn/ai-avatar/sign_language_word_00001247.mp4,457,common
00001134_1,焦,jiāo,https://photo-storage-bj.vivo.com.cn/ai-avatar/sign_language_word_00001134.mp4,458,common
'00003630,角,jiǎo,https://photo-storage-bj.vivo.com.cn/ai-avatar/sign_language_word_00003630.mp4,459,common
'00001183,饺子,jiǎo·zi,https://photo-storage-bj.vivo.com.cn/ai-avatar/sign_language_word_00001183.mp4,460,common
'00001130,脚②,jiǎo,https://photo-storage-bj.vivo.com.cn/ai-avatar/sign_language_word_00001130.mp4,461,common
00000102_1,叫①,jiào,https://photo-storage-bj.vivo.com.cn/ai-avatar/sign_language_word_00000102.mp4,462,common
'00000108,叫②,jiào,https://photo-storage-bj.vivo.com.cn/ai-avatar/sign_language_word_00000108.mp4,463,common
'00001184,教练,jiàoliàn,https://photo-storage-bj.vivo.com.cn/ai-avatar/sign_language_word_00001184.mp4,464,common
'00001336,教室,jiàoshì,https://photo-storage-bj.vivo.com.cn/ai-avatar/sign_language_word_00001336.mp4,465,common
'00000796,教授,jiàoshòu,https://photo-storage-bj.vivo.com.cn/ai-avatar/sign_language_word_00000796.mp4,466,common
'00000755,教育,jiàoyù,https://photo-storage-bj.vivo.com.cn/ai-avatar/sign_language_word_00000755.mp4,467,common
00000028_3,接待,jiēdài,https://photo-storage-bj.vivo.com.cn/ai-avatar/sign_language_word_00000028.mp4,468,common
00000186_0,接受,jiēshòu,https://photo-storage-bj.vivo.com.cn/ai-avatar/sign_language_word_00000186.mp4,469,common
00001493_1,街道,jiēdào,https://photo-storage-bj.vivo.com.cn/ai-avatar/sign_language_word_00001493.mp4,470,common
'00001979,节日,jiérì,https://photo-storage-bj.vivo.com.cn/ai-avatar/sign_language_word_00001979.mp4,471,common
00002340_1,节约①,jiéyuē,https://photo-storage-bj.vivo.com.cn/ai-avatar/sign_language_word_00002340.mp4,472,common
00002341_1,节约②,jiéyuē,https://photo-storage-bj.vivo.com.cn/ai-avatar/sign_language_word_00002341.mp4,473,common
'00000375,结果,jiéguŏ,https://photo-storage-bj.vivo.com.cn/ai-avatar/sign_language_word_00000375.mp4,474,common
00000219_1,结束,jiéshù,https://photo-storage-bj.vivo.com.cn/ai-avatar/sign_language_word_00000219.mp4,475,common
00000118_5,结尾,jiéwĕi,https://photo-storage-bj.vivo.com.cn/ai-avatar/sign_language_word_00000118.mp4,476,common
00000451_0,结账,jiézhàng,https://photo-storage-bj.vivo.com.cn/ai-avatar/sign_language_word_00000451.mp4,477,common
'00000246,姐姐,jiĕ·jie,https://photo-storage-bj.vivo.com.cn/ai-avatar/sign_language_word_00000246.mp4,478,common
00000161_0,解决,jiĕjué,https://photo-storage-bj.vivo.com.cn/ai-avatar/sign_language_word_00000161.mp4,479,common
'00000389,解释,jiĕshì,https://photo-storage-bj.vivo.com.cn/ai-avatar/sign_language_word_00000389.mp4,480,common
'00000251,介绍,jièshào,https://photo-storage-bj.vivo.com.cn/ai-avatar/sign_language_word_00000251.mp4,481,common
'00001807,戒指,jiè·zhi,https://photo-storage-bj.vivo.com.cn/ai-avatar/sign_language_word_00001807.mp4,482,common
'00006848,今年,jīnnián,https://photo-storage-bj.vivo.com.cn/ai-avatar/sign_language_word_00006848.mp4,483,common
'00000052,今天,jīntiān,https://photo-storage-bj.vivo.com.cn/ai-avatar/sign_language_word_00000052.mp4,484,common
00000235_2,金融,jīnróng,https://photo-storage-bj.vivo.com.cn/ai-avatar/sign_language_word_00000235.mp4,485,common
'00000494,紧张,jĭnzhāng,https://photo-storage-bj.vivo.com.cn/ai-avatar/sign_language_word_00000494.mp4,486,common
'00000642,进,jìn,https://photo-storage-bj.vivo.com.cn/ai-avatar/sign_language_word_00000642.mp4,487,common
00000091_2,进行,jìnxíng,https://photo-storage-bj.vivo.com.cn/ai-avatar/sign_language_word_00000091.mp4,488,common
00000366_0,近,jìn,https://photo-storage-bj.vivo.com.cn/ai-avatar/sign_language_word_00000366.mp4,489,common
00000497_0,禁止②,jìnzhĭ,https://photo-storage-bj.vivo.com.cn/ai-avatar/sign_language_word_00000497.mp4,490,common
'00002432,京剧,jīngjù,https://photo-storage-bj.vivo.com.cn/ai-avatar/sign_language_word_00002432.mp4,491,common
00000232_1,经常,jīngcháng,https://photo-storage-bj.vivo.com.cn/ai-avatar/sign_language_word_00000232.mp4,492,common
00000273_0,经过,jīngguò,https://photo-storage-bj.vivo.com.cn/ai-avatar/sign_language_word_00000273.mp4,493,common
'00000659,经济,jīngjì,https://photo-storage-bj.vivo.com.cn/ai-avatar/sign_language_word_00000659.mp4,494,common
'00000444,经理,jīnglĭ,https://photo-storage-bj.vivo.com.cn/ai-avatar/sign_language_word_00000444.mp4,495,common
00000558_0,经历②,jīnglì,https://photo-storage-bj.vivo.com.cn/ai-avatar/sign_language_word_00000558.mp4,496,common
'00000418,经验,jīngyàn,https://photo-storage-bj.vivo.com.cn/ai-avatar/sign_language_word_00000418.mp4,497,common
'00001166,精彩,jīngcǎi,https://photo-storage-bj.vivo.com.cn/ai-avatar/sign_language_word_00001166.mp4,498,common
'00000905,警察,jĭngchá,https://photo-storage-bj.vivo.com.cn/ai-avatar/sign_language_word_00000905.mp4,499,common
'00001102,竞争,jìngzhēng,https://photo-storage-bj.vivo.com.cn/ai-avatar/sign_language_word_00001102.mp4,500,common
00000264_2,竟然,jìngrán,https://photo-storage-bj.vivo.com.cn/ai-avatar/sign_language_word_00000264.mp4,501,common
'00005427,敬老院,jìnglǎoyuàn,https://photo-storage-bj.vivo.com.cn/ai-avatar/sign_language_word_00005427.mp4,502,common
00003072_0,敬礼①,jìnglĭ,https://photo-storage-bj.vivo.com.cn/ai-avatar/sign_language_word_00003072.mp4,503,common
'00002697,镜子,jìng·zi,https://photo-storage-bj.vivo.com.cn/ai-avatar/sign_language_word_00002697.mp4,504,common
00000668_1,纠纷,jiūfēn,https://photo-storage-bj.vivo.com.cn/ai-avatar/sign_language_word_00000668.mp4,505,common
00000572_1,九,jiŭ,https://photo-storage-bj.vivo.com.cn/ai-avatar/sign_language_word_00000572.mp4,506,common
00006868_2,九月,jiŭyuè,https://photo-storage-bj.vivo.com.cn/ai-avatar/sign_language_word_00006868.mp4,507,common
00000240_3,酒店,jiŭdiàn,https://photo-storage-bj.vivo.com.cn/ai-avatar/sign_language_word_00000240.mp4,508,common
00000863_0,旧,jiù,https://photo-storage-bj.vivo.com.cn/ai-avatar/sign_language_word_00000863.mp4,509,common
'00000018,就,jiù,https://photo-storage-bj.vivo.com.cn/ai-avatar/sign_language_word_00000018.mp4,510,common
00000119_1,居住,jūzhù,https://photo-storage-bj.vivo.com.cn/ai-avatar/sign_language_word_00000119.mp4,511,common
'00005435,举,jŭ,https://photo-storage-bj.vivo.com.cn/ai-avatar/sign_language_word_00005435.mp4,512,common
'00001920,举办,jŭbàn,https://photo-storage-bj.vivo.com.cn/ai-avatar/sign_language_word_00001920.mp4,513,common
00001030_0,举行,jŭxíng,https://photo-storage-bj.vivo.com.cn/ai-avatar/sign_language_word_00001030.mp4,514,common
00000177_0,句子,jù·zi,https://photo-storage-bj.vivo.com.cn/ai-avatar/sign_language_word_00000177.mp4,515,common
'00000575,拒绝,jùjué,https://photo-storage-bj.vivo.com.cn/ai-avatar/sign_language_word_00000575.mp4,516,common
00001168_0,距离②,jùlí,https://photo-storage-bj.vivo.com.cn/ai-avatar/sign_language_word_00001168.mp4,517,common
00000088_0,决定,juédìng,https://photo-storage-bj.vivo.com.cn/ai-avatar/sign_language_word_00000088.mp4,518,common
'00001921,决赛,juésài,https://photo-storage-bj.vivo.com.cn/ai-avatar/sign_language_word_00001921.mp4,519,common
00001398_0,觉悟,juéwù,https://photo-storage-bj.vivo.com.cn/ai-avatar/sign_language_word_00001398.mp4,520,common
00000767_3,绝密,juémì,https://photo-storage-bj.vivo.com.cn/ai-avatar/sign_language_word_00000767.mp4,521,common
'00000328,咖啡,kāfēi,https://photo-storage-bj.vivo.com.cn/ai-avatar/sign_language_word_00000328.mp4,522,common
00000357_0,卡①,kǎ,https://photo-storage-bj.vivo.com.cn/ai-avatar/sign_language_word_00000357.mp4,523,common
00000233_3,开车,kāichē,https://photo-storage-bj.vivo.com.cn/ai-avatar/sign_language_word_00000233.mp4,524,common
'00000123,开始,kāishĭ,https://photo-storage-bj.vivo.com.cn/ai-avatar/sign_language_word_00000123.mp4,525,common
00001030_1,开展,kāizhǎn,https://photo-storage-bj.vivo.com.cn/ai-avatar/sign_language_word_00001030.mp4,526,common
00000042_0,看①,kàn,https://photo-storage-bj.vivo.com.cn/ai-avatar/sign_language_word_00000042.mp4,527,common
'00000043,看②,kàn,https://photo-storage-bj.vivo.com.cn/ai-avatar/sign_language_word_00000043.mp4,528,common
00000404_2,考察,kǎochá,https://photo-storage-bj.vivo.com.cn/ai-avatar/sign_language_word_00000404.mp4,529,common
'00000210,考虑,kǎolǜ,https://photo-storage-bj.vivo.com.cn/ai-avatar/sign_language_word_00000210.mp4,530,common
00000101_3,考试①,kǎoshì,https://photo-storage-bj.vivo.com.cn/ai-avatar/sign_language_word_00000101.mp4,531,common
00000360_0,考试②,kǎoshì,https://photo-storage-bj.vivo.com.cn/ai-avatar/sign_language_word_00000360.mp4,532,common
'00001116,烤鸭,kǎoyā,https://photo-storage-bj.vivo.com.cn/ai-avatar/sign_language_word_00001116.mp4,533,common
'00001290,科学,kēxué,https://photo-storage-bj.vivo.com.cn/ai-avatar/sign_language_word_00001290.mp4,534,common
'00000546,可怜,kĕlián,https://photo-storage-bj.vivo.com.cn/ai-avatar/sign_language_word_00000546.mp4,535,common
00000071_0,可能②,kĕnéng,https://photo-storage-bj.vivo.com.cn/ai-avatar/sign_language_word_00000071.mp4,536,common
'00000134,可是,kĕshì,https://photo-storage-bj.vivo.com.cn/ai-avatar/sign_language_word_00000134.mp4,537,common
00000615_0,可惜,kĕxī,https://photo-storage-bj.vivo.com.cn/ai-avatar/sign_language_word_00000615.mp4,538,common
00000011_0,可以,kĕyĭ,https://photo-storage-bj.vivo.com.cn/ai-avatar/sign_language_word_00000011.mp4,539,common
'00003318,渴,kĕ,https://photo-storage-bj.vivo.com.cn/ai-avatar/sign_language_word_00003318.mp4,540,common
00000248_0,客户,kèhù,https://photo-storage-bj.vivo.com.cn/ai-avatar/sign_language_word_00000248.mp4,541,common
'00000431,客气,kè·qi,https://photo-storage-bj.vivo.com.cn/ai-avatar/sign_language_word_00000431.mp4,542,common
00000382_0,客人,kè·rén,https://photo-storage-bj.vivo.com.cn/ai-avatar/sign_language_word_00000382.mp4,543,common
00000248_1,客厅,kètīng,https://photo-storage-bj.vivo.com.cn/ai-avatar/sign_language_word_00000248.mp4,544,common
00000152_2,课程,kèchéng,https://photo-storage-bj.vivo.com.cn/ai-avatar/sign_language_word_00000152.mp4,545,common
'00000966,空,kōng,https://photo-storage-bj.vivo.com.cn/ai-avatar/sign_language_word_00000966.mp4,546,common
'00001062,空调,kōngtiáo,https://photo-storage-bj.vivo.com.cn/ai-avatar/sign_language_word_00001062.mp4,547,common
00000672_1,空间②,kōngjiān,https://photo-storage-bj.vivo.com.cn/ai-avatar/sign_language_word_00000672.mp4,548,common
00000359_1,空气,kōngqì,https://photo-storage-bj.vivo.com.cn/ai-avatar/sign_language_word_00000359.mp4,549,common
00000906_0,口,kŏu,https://photo-storage-bj.vivo.com.cn/ai-avatar/sign_language_word_00000906.mp4,550,common
'00002068,口红②,kŏuhóng,https://photo-storage-bj.vivo.com.cn/ai-avatar/sign_language_word_00002068.mp4,551,common
'00003320,口罩,kŏuzhào,https://photo-storage-bj.vivo.com.cn/ai-avatar/sign_language_word_00003320.mp4,552,common
'00000469,哭,kū,https://photo-storage-bj.vivo.com.cn/ai-avatar/sign_language_word_00000469.mp4,553,common
'00001424,苦②,kŭ,https://photo-storage-bj.vivo.com.cn/ai-avatar/sign_language_word_00001424.mp4,554,common
'00000936,裤子,kù·zi,https://photo-storage-bj.vivo.com.cn/ai-avatar/sign_language_word_00000936.mp4,555,common
'00001143,块,kuài,https://photo-storage-bj.vivo.com.cn/ai-avatar/sign_language_word_00001143.mp4,556,common
00000129_0,快,kuài,https://photo-storage-bj.vivo.com.cn/ai-avatar/sign_language_word_00000129.mp4,557,common
00000547_0,困难①,kùn·nɑn,https://photo-storage-bj.vivo.com.cn/ai-avatar/sign_language_word_00000547.mp4,558,common
00000548_0,困难②,kùn·nɑn,https://photo-storage-bj.vivo.com.cn/ai-avatar/sign_language_word_00000548.mp4,559,common
00000112_2,扩展①,kuòzhǎn,https://photo-storage-bj.vivo.com.cn/ai-avatar/sign_language_word_00000112.mp4,560,common
'00000819,拉,lā,https://photo-storage-bj.vivo.com.cn/ai-avatar/sign_language_word_00000819.mp4,561,common
00001132_1,拉面,lāmiàn,https://photo-storage-bj.vivo.com.cn/ai-avatar/sign_language_word_00001132.mp4,562,common
'00000045,来,lái,https://photo-storage-bj.vivo.com.cn/ai-avatar/sign_language_word_00000045.mp4,563,common
'00001425,来得及,lái·dejí,https://photo-storage-bj.vivo.com.cn/ai-avatar/sign_language_word_00001425.mp4,564,common
'00001539,蓝②,lán,https://photo-storage-bj.vivo.com.cn/ai-avatar/sign_language_word_00001539.mp4,565,common
'00000869,懒,lǎn,https://photo-storage-bj.vivo.com.cn/ai-avatar/sign_language_word_00000869.mp4,566,common
00000721_0,浪费,làngfèi,https://photo-storage-bj.vivo.com.cn/ai-avatar/sign_language_word_00000721.mp4,567,common
00000068_0,老师,lǎoshī,https://photo-storage-bj.vivo.com.cn/ai-avatar/sign_language_word_00000068.mp4,568,common
00000004_0,了,·le,https://photo-storage-bj.vivo.com.cn/ai-avatar/sign_language_word_00000004.mp4,569,common
'00000172,了解①,liǎojiĕ,https://photo-storage-bj.vivo.com.cn/ai-avatar/sign_language_word_00000172.mp4,570,common
'00000173,了解②,liǎojiĕ,https://photo-storage-bj.vivo.com.cn/ai-avatar/sign_language_word_00000173.mp4,571,common
00000406_0,累,lèi,https://photo-storage-bj.vivo.com.cn/ai-avatar/sign_language_word_00000406.mp4,572,common
00000598_1,冷,lĕng,https://photo-storage-bj.vivo.com.cn/ai-avatar/sign_language_word_00000598.mp4,573,common
'00001291,冷静,lĕngjìng,https://photo-storage-bj.vivo.com.cn/ai-avatar/sign_language_word_00001291.mp4,574,common
00000894_0,礼貌,lĭmào,https://photo-storage-bj.vivo.com.cn/ai-avatar/sign_language_word_00000894.mp4,575,common
'00000481,礼物,lĭwù,https://photo-storage-bj.vivo.com.cn/ai-avatar/sign_language_word_00000481.mp4,576,common
00001168_1,里程②,lĭchéng,https://photo-storage-bj.vivo.com.cn/ai-avatar/sign_language_word_00001168.mp4,577,common
00000181_1,里面,lĭmiàn,https://photo-storage-bj.vivo.com.cn/ai-avatar/sign_language_word_00000181.mp4,578,common
00002569_0,理发,lĭfà,https://photo-storage-bj.vivo.com.cn/ai-avatar/sign_language_word_00002569.mp4,579,common
00000329_0,理解,lĭjiĕ,https://photo-storage-bj.vivo.com.cn/ai-avatar/sign_language_word_00000329.mp4,580,common
'00000653,理想,lĭxiǎng,https://photo-storage-bj.vivo.com.cn/ai-avatar/sign_language_word_00000653.mp4,581,common
00000283_0,理由,lĭyóu,https://photo-storage-bj.vivo.com.cn/ai-avatar/sign_language_word_00000283.mp4,582,common
'00001811,力量,lìliàng,https://photo-storage-bj.vivo.com.cn/ai-avatar/sign_language_word_00001811.mp4,583,common
00000690_0,历史,lìshĭ,https://photo-storage-bj.vivo.com.cn/ai-avatar/sign_language_word_00000690.mp4,584,common
'00000378,厉害,lì·hɑi,https://photo-storage-bj.vivo.com.cn/ai-avatar/sign_language_word_00000378.mp4,585,common
00000187_3,廉洁,liánjié,https://photo-storage-bj.vivo.com.cn/ai-avatar/sign_language_word_00000187.mp4,586,common
'00000806,脸,liǎn,https://photo-storage-bj.vivo.com.cn/ai-avatar/sign_language_word_00000806.mp4,587,common
00000728_0,练习,liànxí,https://photo-storage-bj.vivo.com.cn/ai-avatar/sign_language_word_00000728.mp4,588,common
00000996_0,凉,liáng,https://photo-storage-bj.vivo.com.cn/ai-avatar/sign_language_word_00000996.mp4,589,common
00000807_2,粮食,liáng·shi,https://photo-storage-bj.vivo.com.cn/ai-avatar/sign_language_word_00000807.mp4,590,common
00001063_3,聊天儿,liáotiānr,https://photo-storage-bj.vivo.com.cn/ai-avatar/sign_language_word_00001063.mp4,591,common
'00001146,邻居②,línjū,https://photo-storage-bj.vivo.com.cn/ai-avatar/sign_language_word_00001146.mp4,592,common
00000696_1,临时,línshí,https://photo-storage-bj.vivo.com.cn/ai-avatar/sign_language_word_00000696.mp4,593,common
00002029_1,零,líng,https://photo-storage-bj.vivo.com.cn/ai-avatar/sign_language_word_00002029.mp4,594,common
00000437_2,领导②,lĭngdǎo,https://photo-storage-bj.vivo.com.cn/ai-avatar/sign_language_word_00000437.mp4,595,common
00000329_1,领会,lĭnghuì,https://photo-storage-bj.vivo.com.cn/ai-avatar/sign_language_word_00000329.mp4,596,common
00000437_0,领袖,lĭngxiù,https://photo-storage-bj.vivo.com.cn/ai-avatar/sign_language_word_00000437.mp4,597,common
00000385_4,领域,lĭngyù,https://photo-storage-bj.vivo.com.cn/ai-avatar/sign_language_word_00000385.mp4,598,common
'00001170,留学,liúxué,https://photo-storage-bj.vivo.com.cn/ai-avatar/sign_language_word_00001170.mp4,599,common
00000849_0,流行,liúxíng,https://photo-storage-bj.vivo.com.cn/ai-avatar/sign_language_word_00000849.mp4,600,common
00000455_1,六,liù,https://photo-storage-bj.vivo.com.cn/ai-avatar/sign_language_word_00000455.mp4,601,common
00006865_2,六月,liùyuè,https://photo-storage-bj.vivo.com.cn/ai-avatar/sign_language_word_00006865.mp4,602,common
00004197_0,聋①,lóng,https://photo-storage-bj.vivo.com.cn/ai-avatar/sign_language_word_00004197.mp4,603,common
00006186_0,聋人①,lóngrén,https://photo-storage-bj.vivo.com.cn/ai-avatar/sign_language_word_00006186.mp4,604,common
00001625_2,楼,lóu,https://photo-storage-bj.vivo.com.cn/ai-avatar/sign_language_word_00001625.mp4,605,common
'00001131,乱,luàn,https://photo-storage-bj.vivo.com.cn/ai-avatar/sign_language_word_00001131.mp4,606,common
00000183_0,旅游,lǚyóu,https://photo-storage-bj.vivo.com.cn/ai-avatar/sign_language_word_00000183.mp4,607,common
00000558_1,履历,lǚlì,https://photo-storage-bj.vivo.com.cn/ai-avatar/sign_language_word_00000558.mp4,608,common
00000479_1,绿,lǜ,https://photo-storage-bj.vivo.com.cn/ai-avatar/sign_language_word_00000479.mp4,609,common
00000159_1,妈妈,mā·mɑ,https://photo-storage-bj.vivo.com.cn/ai-avatar/sign_language_word_00000159.mp4,610,common
'00000230,麻烦,má·fɑn,https://photo-storage-bj.vivo.com.cn/ai-avatar/sign_language_word_00000230.mp4,611,common
'00001580,马,mǎ,https://photo-storage-bj.vivo.com.cn/ai-avatar/sign_language_word_00001580.mp4,612,common
'00000063,买,mǎi,https://photo-storage-bj.vivo.com.cn/ai-avatar/sign_language_word_00000063.mp4,613,common
00000270_0,卖,mài,https://photo-storage-bj.vivo.com.cn/ai-avatar/sign_language_word_00000270.mp4,614,common
00001103_0,满,mǎn,https://photo-storage-bj.vivo.com.cn/ai-avatar/sign_language_word_00001103.mp4,615,common
'00000387,满意,mǎnyì,https://photo-storage-bj.vivo.com.cn/ai-avatar/sign_language_word_00000387.mp4,616,common
'00000702,满足,mǎnzú,https://photo-storage-bj.vivo.com.cn/ai-avatar/sign_language_word_00000702.mp4,617,common
'00000686,慢②,màn,https://photo-storage-bj.vivo.com.cn/ai-avatar/sign_language_word_00000686.mp4,618,common
'00000141,忙,máng,https://photo-storage-bj.vivo.com.cn/ai-avatar/sign_language_word_00000141.mp4,619,common
'00001031,猫,māo,https://photo-storage-bj.vivo.com.cn/ai-avatar/sign_language_word_00001031.mp4,620,common
'00001583,毛,Máo,https://photo-storage-bj.vivo.com.cn/ai-avatar/sign_language_word_00001583.mp4,621,common
'00002453,毛巾,máojīn,https://photo-storage-bj.vivo.com.cn/ai-avatar/sign_language_word_00002453.mp4,622,common
00000201_0,贸易,màoyì,https://photo-storage-bj.vivo.com.cn/ai-avatar/sign_language_word_00000201.mp4,623,common
'00001368,帽子,mào·zi,https://photo-storage-bj.vivo.com.cn/ai-avatar/sign_language_word_00001368.mp4,624,common
'00000372,没关系②,méiguān·xi,https://photo-storage-bj.vivo.com.cn/ai-avatar/sign_language_word_00000372.mp4,625,common
00000030_0,没有②,méi·yŏu,https://photo-storage-bj.vivo.com.cn/ai-avatar/sign_language_word_00000030.mp4,626,common
00000176_0,每,mĕi,https://photo-storage-bj.vivo.com.cn/ai-avatar/sign_language_word_00000176.mp4,627,common
00000200_0,每天,mĕitiān,https://photo-storage-bj.vivo.com.cn/ai-avatar/sign_language_word_00000200.mp4,628,common
00000153_0,美,mĕi,https://photo-storage-bj.vivo.com.cn/ai-avatar/sign_language_word_00000153.mp4,629,common
'00000271,妹妹,mèi·mei,https://photo-storage-bj.vivo.com.cn/ai-avatar/sign_language_word_00000271.mp4,630,common
'00001021,门,mén,https://photo-storage-bj.vivo.com.cn/ai-avatar/sign_language_word_00001021.mp4,631,common
00000580_0,梦,mèng,https://photo-storage-bj.vivo.com.cn/ai-avatar/sign_language_word_00000580.mp4,632,common
00000580_1,梦想,mèngxiǎng,https://photo-storage-bj.vivo.com.cn/ai-avatar/sign_language_word_00000580.mp4,633,common
00000807_1,米饭,mĭfàn,https://photo-storage-bj.vivo.com.cn/ai-avatar/sign_language_word_00000807.mp4,634,common
00000767_0,秘密,mìmì,https://photo-storage-bj.vivo.com.cn/ai-avatar/sign_language_word_00000767.mp4,635,common
'00000895,秘书,mìshū,https://photo-storage-bj.vivo.com.cn/ai-avatar/sign_language_word_00000895.mp4,636,common
'00000602,密码,mìmǎ,https://photo-storage-bj.vivo.com.cn/ai-avatar/sign_language_word_00000602.mp4,637,common
00000594_0,面包,miànbāo,https://photo-storage-bj.vivo.com.cn/ai-avatar/sign_language_word_00000594.mp4,638,common
00001132_0,面条②,miàntiáo,https://photo-storage-bj.vivo.com.cn/ai-avatar/sign_language_word_00001132.mp4,639,common
'00001865,民族,mínzú,https://photo-storage-bj.vivo.com.cn/ai-avatar/sign_language_word_00001865.mp4,640,common
00001068_3,名声,míngshēng,https://photo-storage-bj.vivo.com.cn/ai-avatar/sign_language_word_00001068.mp4,641,common
00000025_2,明白,míng·bɑi,https://photo-storage-bj.vivo.com.cn/ai-avatar/sign_language_word_00000025.mp4,642,common
'00006849,明年,míngnián,https://photo-storage-bj.vivo.com.cn/ai-avatar/sign_language_word_00006849.mp4,643,common
00000187_1,明确,míngquè,https://photo-storage-bj.vivo.com.cn/ai-avatar/sign_language_word_00000187.mp4,644,common
'00000090,明天,míngtiān,https://photo-storage-bj.vivo.com.cn/ai-avatar/sign_language_word_00000090.mp4,645,common
00001202_2,摩肩接踵,mójiān-jiēzhŏng,https://photo-storage-bj.vivo.com.cn/ai-avatar/sign_language_word_00001202.mp4,646,common
00001928_0,摩托车,mótuōchē,https://photo-storage-bj.vivo.com.cn/ai-avatar/sign_language_word_00001928.mp4,647,common
00000077_1,某②,mŏu,https://photo-storage-bj.vivo.com.cn/ai-avatar/sign_language_word_00000077.mp4,648,common
'00000828,目的,mùdì,https://photo-storage-bj.vivo.com.cn/ai-avatar/sign_language_word_00000828.mp4,649,common
00000029_2,目前,mùqián,https://photo-storage-bj.vivo.com.cn/ai-avatar/sign_language_word_00000029.mp4,650,common
00000080_0,拿,ná,https://photo-storage-bj.vivo.com.cn/ai-avatar/sign_language_word_00000080.mp4,651,common
00000009_1,哪,nă,https://photo-storage-bj.vivo.com.cn/ai-avatar/sign_language_word_00000009.mp4,652,common
00000009_2,哪里,nă·lĭ,https://photo-storage-bj.vivo.com.cn/ai-avatar/sign_language_word_00000009.mp4,653,common
00000325_0,那时,nàshí,https://photo-storage-bj.vivo.com.cn/ai-avatar/sign_language_word_00000325.mp4,654,common
00000812_0,奶奶,năi·nɑi,https://photo-storage-bj.vivo.com.cn/ai-avatar/sign_language_word_00000812.mp4,655,common
'00000997,耐心,nàixīn,https://photo-storage-bj.vivo.com.cn/ai-avatar/sign_language_word_00000997.mp4,656,common
'00000595,男,nán,https://photo-storage-bj.vivo.com.cn/ai-avatar/sign_language_word_00000595.mp4,657,common
00000280_0,男孩,nánhái,https://photo-storage-bj.vivo.com.cn/ai-avatar/sign_language_word_00000280.mp4,658,common
00000097_0,男士,nánshì,https://photo-storage-bj.vivo.com.cn/ai-avatar/sign_language_word_00000097.mp4,659,common
00000316_0,难受,nánshòu,https://photo-storage-bj.vivo.com.cn/ai-avatar/sign_language_word_00000316.mp4,660,common
00000181_0,内,nèi,https://photo-storage-bj.vivo.com.cn/ai-avatar/sign_language_word_00000181.mp4,661,common
00000011_1,能,néng,https://photo-storage-bj.vivo.com.cn/ai-avatar/sign_language_word_00000011.mp4,662,common
'00000397,能力,nénglì,https://photo-storage-bj.vivo.com.cn/ai-avatar/sign_language_word_00000397.mp4,663,common
00000011_3,能量①,néngliàng,https://photo-storage-bj.vivo.com.cn/ai-avatar/sign_language_word_00000011.mp4,664,common
00000003_0,你,nĭ,https://photo-storage-bj.vivo.com.cn/ai-avatar/sign_language_word_00000003.mp4,665,common
00000798_0,你俩,nĭliă,https://photo-storage-bj.vivo.com.cn/ai-avatar/sign_language_word_00000798.mp4,666,common
'00000026,你们,nĭ·men,https://photo-storage-bj.vivo.com.cn/ai-avatar/sign_language_word_00000026.mp4,667,common
00000226_0,年,nián,https://photo-storage-bj.vivo.com.cn/ai-avatar/sign_language_word_00000226.mp4,668,common
00000741_0,年龄,niánlíng,https://photo-storage-bj.vivo.com.cn/ai-avatar/sign_language_word_00000741.mp4,669,common
00000490_2,年轻,niánqīng,https://photo-storage-bj.vivo.com.cn/ai-avatar/sign_language_word_00000490.mp4,670,common
00000741_1,年岁,niánsuì,https://photo-storage-bj.vivo.com.cn/ai-avatar/sign_language_word_00000741.mp4,671,common
'00001585,鸟,niăo,https://photo-storage-bj.vivo.com.cn/ai-avatar/sign_language_word_00001585.mp4,672,common
00000003_1,您,nín,https://photo-storage-bj.vivo.com.cn/ai-avatar/sign_language_word_00000003.mp4,673,common
'00001199,牛,niú,https://photo-storage-bj.vivo.com.cn/ai-avatar/sign_language_word_00001199.mp4,674,common
'00001148,牛奶,niúnăi,https://photo-storage-bj.vivo.com.cn/ai-avatar/sign_language_word_00001148.mp4,675,common
00000435_2,暖和,nuăn·huo,https://photo-storage-bj.vivo.com.cn/ai-avatar/sign_language_word_00000435.mp4,676,common
00000376_0,女,nǚ,https://photo-storage-bj.vivo.com.cn/ai-avatar/sign_language_word_00000376.mp4,677,common
'00000383,女儿①,nǚ'ér,https://photo-storage-bj.vivo.com.cn/ai-avatar/sign_language_word_00000383.mp4,678,common
00000222_1,女儿②,nǚ'ér,https://photo-storage-bj.vivo.com.cn/ai-avatar/sign_language_word_00000222.mp4,679,common
00000222_0,女孩,nǚhái,https://photo-storage-bj.vivo.com.cn/ai-avatar/sign_language_word_00000222.mp4,680,common
00000918_0,偶尔②,ŏu'ĕr,https://photo-storage-bj.vivo.com.cn/ai-avatar/sign_language_word_00000918.mp4,681,common
00000918_1,偶然②,ŏurán,https://photo-storage-bj.vivo.com.cn/ai-avatar/sign_language_word_00000918.mp4,682,common
'00000939,排队,páiduì,https://photo-storage-bj.vivo.com.cn/ai-avatar/sign_language_word_00000939.mp4,683,common
00000101_2,攀比,pānbĭ,https://photo-storage-bj.vivo.com.cn/ai-avatar/sign_language_word_00000101.mp4,684,common
'00001272,盘子,pán·zi,https://photo-storage-bj.vivo.com.cn/ai-avatar/sign_language_word_00001272.mp4,685,common
'00001663,判断,pànduàn,https://photo-storage-bj.vivo.com.cn/ai-avatar/sign_language_word_00001663.mp4,686,common
'00000587,旁边,pángbiān,https://photo-storage-bj.vivo.com.cn/ai-avatar/sign_language_word_00000587.mp4,687,common
'00000654,胖,pàng,https://photo-storage-bj.vivo.com.cn/ai-avatar/sign_language_word_00000654.mp4,688,common
00000367_1,跑步,păobù,https://photo-storage-bj.vivo.com.cn/ai-avatar/sign_language_word_00000367.mp4,689,common
'00000290,陪,péi,https://photo-storage-bj.vivo.com.cn/ai-avatar/sign_language_word_00000290.mp4,690,common
00000259_1,配合,pèihé,https://photo-storage-bj.vivo.com.cn/ai-avatar/sign_language_word_00000259.mp4,691,common
00000105_0,朋友,péng·you,https://photo-storage-bj.vivo.com.cn/ai-avatar/sign_language_word_00000105.mp4,692,common
00001339_1,批判,pīpàn,https://photo-storage-bj.vivo.com.cn/ai-avatar/sign_language_word_00001339.mp4,693,common
00001339_0,批评,pīpíng,https://photo-storage-bj.vivo.com.cn/ai-avatar/sign_language_word_00001339.mp4,694,common
00000414_0,批准,pīzhŭn,https://photo-storage-bj.vivo.com.cn/ai-avatar/sign_language_word_00000414.mp4,695,common
'00001022,皮肤,pífū,https://photo-storage-bj.vivo.com.cn/ai-avatar/sign_language_word_00001022.mp4,696,common
00000406_1,疲倦,píjuàn,https://photo-storage-bj.vivo.com.cn/ai-avatar/sign_language_word_00000406.mp4,697,common
'00000516,啤酒,píjiŭ,https://photo-storage-bj.vivo.com.cn/ai-avatar/sign_language_word_00000516.mp4,698,common
'00000951,脾气,pí·qi,https://photo-storage-bj.vivo.com.cn/ai-avatar/sign_language_word_00000951.mp4,699,common
00001916_1,偏僻,piānpì,https://photo-storage-bj.vivo.com.cn/ai-avatar/sign_language_word_00001916.mp4,700,common
'00000293,便宜,pián·yi,https://photo-storage-bj.vivo.com.cn/ai-avatar/sign_language_word_00000293.mp4,701,common
00000507_0,票,piào,https://photo-storage-bj.vivo.com.cn/ai-avatar/sign_language_word_00000507.mp4,702,common
00000153_1,漂亮,piào·liɑng,https://photo-storage-bj.vivo.com.cn/ai-avatar/sign_language_word_00000153.mp4,703,common
'00003115,贫困,pínkùn,https://photo-storage-bj.vivo.com.cn/ai-avatar/sign_language_word_00003115.mp4,704,common
'00001929,品尝,pĭncháng,https://photo-storage-bj.vivo.com.cn/ai-avatar/sign_language_word_00001929.mp4,705,common
00000711_0,聘用,pìnyòng,https://photo-storage-bj.vivo.com.cn/ai-avatar/sign_language_word_00000711.mp4,706,common
'00002250,乒乓球,pīngpāngqiú,https://photo-storage-bj.vivo.com.cn/ai-avatar/sign_language_word_00002250.mp4,707,common
'00002251,平,píng,https://photo-storage-bj.vivo.com.cn/ai-avatar/sign_language_word_00002251.mp4,708,common
00000286_0,平常,píngcháng,https://photo-storage-bj.vivo.com.cn/ai-avatar/sign_language_word_00000286.mp4,709,common
'00000560,平时,píngshí,https://photo-storage-bj.vivo.com.cn/ai-avatar/sign_language_word_00000560.mp4,710,common
'00000737,苹果,píngguŏ,https://photo-storage-bj.vivo.com.cn/ai-avatar/sign_language_word_00000737.mp4,711,common
00000362_1,凭证,píngzhèng,https://photo-storage-bj.vivo.com.cn/ai-avatar/sign_language_word_00000362.mp4,712,common
'00001294,破,pò,https://photo-storage-bj.vivo.com.cn/ai-avatar/sign_language_word_00001294.mp4,713,common
'00000952,葡萄,pútáo,https://photo-storage-bj.vivo.com.cn/ai-avatar/sign_language_word_00000952.mp4,714,common
00001340_2,普遍,pŭbiàn,https://photo-storage-bj.vivo.com.cn/ai-avatar/sign_language_word_00001340.mp4,715,common
00001340_0,普及,pŭjí,https://photo-storage-bj.vivo.com.cn/ai-avatar/sign_language_word_00001340.mp4,716,common
00000614_1,七,qī,https://photo-storage-bj.vivo.com.cn/ai-avatar/sign_language_word_00000614.mp4,717,common
00006866_2,七月,qīyuè,https://photo-storage-bj.vivo.com.cn/ai-avatar/sign_language_word_00006866.mp4,718,common
00000427_0,其次,qícì,https://photo-storage-bj.vivo.com.cn/ai-avatar/sign_language_word_00000427.mp4,719,common
00000166_1,其实,qíshí,https://photo-storage-bj.vivo.com.cn/ai-avatar/sign_language_word_00000166.mp4,720,common
00000298_0,起床,qĭchuáng,https://photo-storage-bj.vivo.com.cn/ai-avatar/sign_language_word_00000298.mp4,721,common
00000116_0,起来,qĭ·lái,https://photo-storage-bj.vivo.com.cn/ai-avatar/sign_language_word_00000116.mp4,722,common
00000116_1,起立,qĭlì,https://photo-storage-bj.vivo.com.cn/ai-avatar/sign_language_word_00000116.mp4,723,common
00001870_1,气场,qìchăng,https://photo-storage-bj.vivo.com.cn/ai-avatar/sign_language_word_00001870.mp4,724,common
00001870_0,气氛,qìfēn,https://photo-storage-bj.vivo.com.cn/ai-avatar/sign_language_word_00001870.mp4,725,common
00001871_1,气候,qìhòu,https://photo-storage-bj.vivo.com.cn/ai-avatar/sign_language_word_00001871.mp4,726,common
00001871_0,气象,qìxiàng,https://photo-storage-bj.vivo.com.cn/ai-avatar/sign_language_word_00001871.mp4,727,common
00000233_0,汽车①,qìchē,https://photo-storage-bj.vivo.com.cn/ai-avatar/sign_language_word_00000233.mp4,728,common
00000220_2,契机,qìjī,https://photo-storage-bj.vivo.com.cn/ai-avatar/sign_language_word_00000220.mp4,729,common
00001637_0,千,qiān,https://photo-storage-bj.vivo.com.cn/ai-avatar/sign_language_word_00001637.mp4,730,common
00001611_1,千克,qiānkè,https://photo-storage-bj.vivo.com.cn/ai-avatar/sign_language_word_00001611.mp4,731,common
00000894_1,谦让,qiānràng,https://photo-storage-bj.vivo.com.cn/ai-avatar/sign_language_word_00000894.mp4,732,common
'00001023,签证,qiānzhèng,https://photo-storage-bj.vivo.com.cn/ai-avatar/sign_language_word_00001023.mp4,733,common
00000278_0,签字,qiānzì,https://photo-storage-bj.vivo.com.cn/ai-avatar/sign_language_word_00000278.mp4,734,common
00000747_1,前面,qiánmiàn,https://photo-storage-bj.vivo.com.cn/ai-avatar/sign_language_word_00000747.mp4,735,common
00000082_0,钱,qián,https://photo-storage-bj.vivo.com.cn/ai-avatar/sign_language_word_00000082.mp4,736,common
'00001873,敲,qiāo,https://photo-storage-bj.vivo.com.cn/ai-avatar/sign_language_word_00001873.mp4,737,common
00002073_0,桥,qiáo,https://photo-storage-bj.vivo.com.cn/ai-avatar/sign_language_word_00002073.mp4,738,common
'00000834,巧克力,qiăokèlì,https://photo-storage-bj.vivo.com.cn/ai-avatar/sign_language_word_00000834.mp4,739,common
00000443_1,巧妙②,qiăomiào,https://photo-storage-bj.vivo.com.cn/ai-avatar/sign_language_word_00000443.mp4,740,common
00000197_1,窍门,qiàomén,https://photo-storage-bj.vivo.com.cn/ai-avatar/sign_language_word_00000197.mp4,741,common
'00001819,切,qiē,https://photo-storage-bj.vivo.com.cn/ai-avatar/sign_language_word_00001819.mp4,742,common
00001471_1,亲戚,qīn·qi,https://photo-storage-bj.vivo.com.cn/ai-avatar/sign_language_word_00001471.mp4,743,common
00001471_0,亲属,qīnshŭ,https://photo-storage-bj.vivo.com.cn/ai-avatar/sign_language_word_00001471.mp4,744,common
00000447_1,寝室,qĭnshì,https://photo-storage-bj.vivo.com.cn/ai-avatar/sign_language_word_00000447.mp4,745,common
00000490_0,青年,qīngnián,https://photo-storage-bj.vivo.com.cn/ai-avatar/sign_language_word_00000490.mp4,746,common
'00001341,轻,qīng,https://photo-storage-bj.vivo.com.cn/ai-avatar/sign_language_word_00001341.mp4,747,common
00000319_3,轻浮②,qīngfú,https://photo-storage-bj.vivo.com.cn/ai-avatar/sign_language_word_00000319.mp4,748,common
00000319_2,轻率②,qīngshuài,https://photo-storage-bj.vivo.com.cn/ai-avatar/sign_language_word_00000319.mp4,749,common
00000187_0,清楚,qīngchŭ,https://photo-storage-bj.vivo.com.cn/ai-avatar/sign_language_word_00000187.mp4,750,common
00000802_1,清洁,qīngjié,https://photo-storage-bj.vivo.com.cn/ai-avatar/sign_language_word_00000802.mp4,751,common
00000191_0,情况,qíngkuàng,https://photo-storage-bj.vivo.com.cn/ai-avatar/sign_language_word_00000191.mp4,752,common
00000354_1,情绪,qíngxù,https://photo-storage-bj.vivo.com.cn/ai-avatar/sign_language_word_00000354.mp4,753,common
'00002585,晴,qíng,https://photo-storage-bj.vivo.com.cn/ai-avatar/sign_language_word_00002585.mp4,754,common
00000028_0,请,qĭng,https://photo-storage-bj.vivo.com.cn/ai-avatar/sign_language_word_00000028.mp4,755,common
'00000729,请假,qĭngjià,https://photo-storage-bj.vivo.com.cn/ai-avatar/sign_language_word_00000729.mp4,756,common
00000229_1,请教,qĭngjiào,https://photo-storage-bj.vivo.com.cn/ai-avatar/sign_language_word_00000229.mp4,757,common
'00000881,请客,qĭngkè,https://photo-storage-bj.vivo.com.cn/ai-avatar/sign_language_word_00000881.mp4,758,common
00000526_2,庆,qìng,https://photo-storage-bj.vivo.com.cn/ai-avatar/sign_language_word_00000526.mp4,759,common
00000526_0,庆祝,qìngzhù,https://photo-storage-bj.vivo.com.cn/ai-avatar/sign_language_word_00000526.mp4,760,common
'00001666,穷,qióng,https://photo-storage-bj.vivo.com.cn/ai-avatar/sign_language_word_00001666.mp4,761,common
'00003717,秋②,qiū,https://photo-storage-bj.vivo.com.cn/ai-avatar/sign_language_word_00003717.mp4,762,common
'00000870,区,qū,https://photo-storage-bj.vivo.com.cn/ai-avatar/sign_language_word_00000870.mp4,763,common
00000080_2,取,qŭ,https://photo-storage-bj.vivo.com.cn/ai-avatar/sign_language_word_00000080.mp4,764,common
00000020_0,去,qù,https://photo-storage-bj.vivo.com.cn/ai-avatar/sign_language_word_00000020.mp4,765,common
00000015_1,全部,quánbù,https://photo-storage-bj.vivo.com.cn/ai-avatar/sign_language_word_00000015.mp4,766,common
'00000692,裙子,qún·zi,https://photo-storage-bj.vivo.com.cn/ai-avatar/sign_language_word_00000692.mp4,767,common
00000028_1,让,ràng,https://photo-storage-bj.vivo.com.cn/ai-avatar/sign_language_word_00000028.mp4,768,common
00000435_3,热①,rè,https://photo-storage-bj.vivo.com.cn/ai-avatar/sign_language_word_00000435.mp4,769,common
00000527_0,热②,rè,https://photo-storage-bj.vivo.com.cn/ai-avatar/sign_language_word_00000527.mp4,770,common
00000769_0,热烈,rèliè,https://photo-storage-bj.vivo.com.cn/ai-avatar/sign_language_word_00000769.mp4,771,common
00000769_2,热闹①,rè·nɑo,https://photo-storage-bj.vivo.com.cn/ai-avatar/sign_language_word_00000769.mp4,772,common
00001202_0,热闹②,rè·nɑo,https://photo-storage-bj.vivo.com.cn/ai-avatar/sign_language_word_00001202.mp4,773,common
00000769_1,热情,rèqíng,https://photo-storage-bj.vivo.com.cn/ai-avatar/sign_language_word_00000769.mp4,774,common
'00001343,热水,rèshuĭ,https://photo-storage-bj.vivo.com.cn/ai-avatar/sign_language_word_00001343.mp4,775,common
'00000038,人,rén,https://photo-storage-bj.vivo.com.cn/ai-avatar/sign_language_word_00000038.mp4,776,common
'00000165,认识,rèn·shi,https://photo-storage-bj.vivo.com.cn/ai-avatar/sign_language_word_00000165.mp4,777,common
'00000126,认为,rènwéi,https://photo-storage-bj.vivo.com.cn/ai-avatar/sign_language_word_00000126.mp4,778,common
'00001024,扔,rēng,https://photo-storage-bj.vivo.com.cn/ai-avatar/sign_language_word_00001024.mp4,779,common
00000730_0,仍然,réngrán,https://photo-storage-bj.vivo.com.cn/ai-avatar/sign_language_word_00000730.mp4,780,common
'00006770,日,rì,https://photo-storage-bj.vivo.com.cn/ai-avatar/sign_language_word_00006770.mp4,781,common
'00003723,日记,rìjì,https://photo-storage-bj.vivo.com.cn/ai-avatar/sign_language_word_00003723.mp4,782,common
'00000303,容易,róngyì,https://photo-storage-bj.vivo.com.cn/ai-avatar/sign_language_word_00000303.mp4,783,common
00000049_0,如果,rúguŏ,https://photo-storage-bj.vivo.com.cn/ai-avatar/sign_language_word_00000049.mp4,784,common
00000033_3,如何,rúhé,https://photo-storage-bj.vivo.com.cn/ai-avatar/sign_language_word_00000033.mp4,785,common
00000029_1,如今,rújīn,https://photo-storage-bj.vivo.com.cn/ai-avatar/sign_language_word_00000029.mp4,786,common
00000594_1,软①,ruăn,https://photo-storage-bj.vivo.com.cn/ai-avatar/sign_language_word_00000594.mp4,787,common
00000339_1,三,sān,https://photo-storage-bj.vivo.com.cn/ai-avatar/sign_language_word_00000339.mp4,788,common
00006862_2,三月,sānyuè,https://photo-storage-bj.vivo.com.cn/ai-avatar/sign_language_word_00006862.mp4,789,common
'00001875,伞,săn,https://photo-storage-bj.vivo.com.cn/ai-avatar/sign_language_word_00001875.mp4,790,common
00000276_2,色彩,sècăi,https://photo-storage-bj.vivo.com.cn/ai-avatar/sign_language_word_00000276.mp4,791,common
'00003376,森林,sēnlín,https://photo-storage-bj.vivo.com.cn/ai-avatar/sign_language_word_00003376.mp4,792,common
'00001321,沙发,shāfā,https://photo-storage-bj.vivo.com.cn/ai-avatar/sign_language_word_00001321.mp4,793,common
00001274_0,闪电,shăndiàn,https://photo-storage-bj.vivo.com.cn/ai-avatar/sign_language_word_00001274.mp4,794,common
00000316_1,伤心,shāngxīn,https://photo-storage-bj.vivo.com.cn/ai-avatar/sign_language_word_00000316.mp4,795,common
00000201_3,商,shāng,https://photo-storage-bj.vivo.com.cn/ai-avatar/sign_language_word_00000201.mp4,796,common
'00000777,商店,shāngdiàn,https://photo-storage-bj.vivo.com.cn/ai-avatar/sign_language_word_00000777.mp4,797,common
00000391_1,商量②,shāng·liɑng,https://photo-storage-bj.vivo.com.cn/ai-avatar/sign_language_word_00000391.mp4,798,common
'00001275,商业,shāngyè,https://photo-storage-bj.vivo.com.cn/ai-avatar/sign_language_word_00001275.mp4,799,common
00000051_0,上,shàng,https://photo-storage-bj.vivo.com.cn/ai-avatar/sign_language_word_00000051.mp4,800,common
00000047_1,上班①,shàngbān,https://photo-storage-bj.vivo.com.cn/ai-avatar/sign_language_word_00000047.mp4,801,common
00000284_0,上海,Shànghăi,https://photo-storage-bj.vivo.com.cn/ai-avatar/sign_language_word_00000284.mp4,802,common
00000152_1,上课,shàngkè,https://photo-storage-bj.vivo.com.cn/ai-avatar/sign_language_word_00000152.mp4,803,common
'00000538,上午①,shàngwŭ,https://photo-storage-bj.vivo.com.cn/ai-avatar/sign_language_word_00000538.mp4,804,common
00000184_1,上午②,shàngwŭ,https://photo-storage-bj.vivo.com.cn/ai-avatar/sign_language_word_00000184.mp4,805,common
'00000409,少,shăo,https://photo-storage-bj.vivo.com.cn/ai-avatar/sign_language_word_00000409.mp4,806,common
00000969_2,少年,shàonián,https://photo-storage-bj.vivo.com.cn/ai-avatar/sign_language_word_00000969.mp4,807,common
00000721_1,奢侈,shēchĭ,https://photo-storage-bj.vivo.com.cn/ai-avatar/sign_language_word_00000721.mp4,808,common
00000241_2,舍弃,shĕqì,https://photo-storage-bj.vivo.com.cn/ai-avatar/sign_language_word_00000241.mp4,809,common
00001136_1,摄影,shèyĭng,https://photo-storage-bj.vivo.com.cn/ai-avatar/sign_language_word_00001136.mp4,810,common
00000077_0,谁,shuí,https://photo-storage-bj.vivo.com.cn/ai-avatar/sign_language_word_00000077.mp4,811,common
'00000260,申请,shēnqĭng,https://photo-storage-bj.vivo.com.cn/ai-avatar/sign_language_word_00000260.mp4,812,common
'00000661,身份证,shēnfènzhèng,https://photo-storage-bj.vivo.com.cn/ai-avatar/sign_language_word_00000661.mp4,813,common
'00000304,身体,shēntĭ,https://photo-storage-bj.vivo.com.cn/ai-avatar/sign_language_word_00000304.mp4,814,common
00000742_0,深,shēn,https://photo-storage-bj.vivo.com.cn/ai-avatar/sign_language_word_00000742.mp4,815,common
00000742_2,深入,shēnrù,https://photo-storage-bj.vivo.com.cn/ai-avatar/sign_language_word_00000742.mp4,816,common
'00000814,深圳,Shēnzhèn,https://photo-storage-bj.vivo.com.cn/ai-avatar/sign_language_word_00000814.mp4,817,common
00000009_0,什么,shén·me,https://photo-storage-bj.vivo.com.cn/ai-avatar/sign_language_word_00000009.mp4,818,common
00000109_3,审问,shĕnwèn,https://photo-storage-bj.vivo.com.cn/ai-avatar/sign_language_word_00000109.mp4,819,common
00000524_2,生命,shēngmìng,https://photo-storage-bj.vivo.com.cn/ai-avatar/sign_language_word_00000524.mp4,820,common
00000643_0,生日②,shēngrì,https://photo-storage-bj.vivo.com.cn/ai-avatar/sign_language_word_00000643.mp4,821,common
'00004272,生态,shēngtài,https://photo-storage-bj.vivo.com.cn/ai-avatar/sign_language_word_00004272.mp4,822,common
00000201_2,生意,shēngyì,https://photo-storage-bj.vivo.com.cn/ai-avatar/sign_language_word_00000201.mp4,823,common
'00000419,声音,shēngyīn,https://photo-storage-bj.vivo.com.cn/ai-avatar/sign_language_word_00000419.mp4,824,common
'00001547,省,shĕng,https://photo-storage-bj.vivo.com.cn/ai-avatar/sign_language_word_00001547.mp4,825,common
00000275_0,胜利①,shènglì,https://photo-storage-bj.vivo.com.cn/ai-avatar/sign_language_word_00000275.mp4,826,common
00000571_0,胜利②,shènglì,https://photo-storage-bj.vivo.com.cn/ai-avatar/sign_language_word_00000571.mp4,827,common
00000591_0,失败②,shībài,https://photo-storage-bj.vivo.com.cn/ai-avatar/sign_language_word_00000591.mp4,828,common
00000512_2,失误①,shīwù,https://photo-storage-bj.vivo.com.cn/ai-avatar/sign_language_word_00000512.mp4,829,common
'00001344,失业,shīyè,https://photo-storage-bj.vivo.com.cn/ai-avatar/sign_language_word_00001344.mp4,830,common
'00001203,师傅,shī·fu,https://photo-storage-bj.vivo.com.cn/ai-avatar/sign_language_word_00001203.mp4,831,common
00000334_1,十,shí,https://photo-storage-bj.vivo.com.cn/ai-avatar/sign_language_word_00000334.mp4,832,common
00006871_2,十二月,shí'èryuè,https://photo-storage-bj.vivo.com.cn/ai-avatar/sign_language_word_00006871.mp4,833,common
00006870_2,十一月,shíyīyuè,https://photo-storage-bj.vivo.com.cn/ai-avatar/sign_language_word_00006870.mp4,834,common
00006869_2,十月,shíyuè,https://photo-storage-bj.vivo.com.cn/ai-avatar/sign_language_word_00006869.mp4,835,common
00000037_1,时候,shí·hou,https://photo-storage-bj.vivo.com.cn/ai-avatar/sign_language_word_00000037.mp4,836,common
00000220_3,时机①,shíjī,https://photo-storage-bj.vivo.com.cn/ai-avatar/sign_language_word_00000220.mp4,837,common
00000037_2,时机②,shíjī,https://photo-storage-bj.vivo.com.cn/ai-avatar/sign_language_word_00000037.mp4,838,common
00000037_0,时间,shíjiān,https://photo-storage-bj.vivo.com.cn/ai-avatar/sign_language_word_00000037.mp4,839,common
00000037_3,时刻,shíkè,https://photo-storage-bj.vivo.com.cn/ai-avatar/sign_language_word_00000037.mp4,840,common
'00002257,时期,shíqī,https://photo-storage-bj.vivo.com.cn/ai-avatar/sign_language_word_00002257.mp4,841,common
00000127_3,实②,shí,https://photo-storage-bj.vivo.com.cn/ai-avatar/sign_language_word_00000127.mp4,842,common
00000521_1,实惠,shíhuì,https://photo-storage-bj.vivo.com.cn/ai-avatar/sign_language_word_00000521.mp4,843,common
00000127_2,实际②,shíjì,https://photo-storage-bj.vivo.com.cn/ai-avatar/sign_language_word_00000127.mp4,844,common
00000236_0,食堂,shítáng,https://photo-storage-bj.vivo.com.cn/ai-avatar/sign_language_word_00000236.mp4,845,common
00000310_0,世界①,shìjiè,https://photo-storage-bj.vivo.com.cn/ai-avatar/sign_language_word_00000310.mp4,846,common
'00000440,世界②,shìjiè,https://photo-storage-bj.vivo.com.cn/ai-avatar/sign_language_word_00000440.mp4,847,common
00000093_3,似,sì,https://photo-storage-bj.vivo.com.cn/ai-avatar/sign_language_word_00000093.mp4,848,common
00000106_1,事件①,shìjiàn,https://photo-storage-bj.vivo.com.cn/ai-avatar/sign_language_word_00000106.mp4,849,common
00000107_1,事件②,shìjiàn,https://photo-storage-bj.vivo.com.cn/ai-avatar/sign_language_word_00000107.mp4,850,common
00000106_0,事情①,shì·qing,https://photo-storage-bj.vivo.com.cn/ai-avatar/sign_language_word_00000106.mp4,851,common
00000107_0,事情②,shì·qing,https://photo-storage-bj.vivo.com.cn/ai-avatar/sign_language_word_00000107.mp4,852,common
00000404_1,视察,shìchá,https://photo-storage-bj.vivo.com.cn/ai-avatar/sign_language_word_00000404.mp4,853,common
'00000005,是,shì,https://photo-storage-bj.vivo.com.cn/ai-avatar/sign_language_word_00000005.mp4,854,common
00000072_0,是否,shìfŏu,https://photo-storage-bj.vivo.com.cn/ai-avatar/sign_language_word_00000072.mp4,855,common
'00000743,适应,shìyìng,https://photo-storage-bj.vivo.com.cn/ai-avatar/sign_language_word_00000743.mp4,856,common
00001232_0,收获,shōuhuò,https://photo-storage-bj.vivo.com.cn/ai-avatar/sign_language_word_00001232.mp4,857,common
'00001204,收入,shōurù,https://photo-storage-bj.vivo.com.cn/ai-avatar/sign_language_word_00001204.mp4,858,common
'00000416,收拾,shōu·shi,https://photo-storage-bj.vivo.com.cn/ai-avatar/sign_language_word_00000416.mp4,859,common
00001232_1,收益,shōuyì,https://photo-storage-bj.vivo.com.cn/ai-avatar/sign_language_word_00001232.mp4,860,common
'00001407,手表,shŏubiăo,https://photo-storage-bj.vivo.com.cn/ai-avatar/sign_language_word_00001407.mp4,861,common
'00000179,手机,shŏujī,https://photo-storage-bj.vivo.com.cn/ai-avatar/sign_language_word_00000179.mp4,862,common
00001063_1,手势,shŏushì,https://photo-storage-bj.vivo.com.cn/ai-avatar/sign_language_word_00001063.mp4,863,common
00001063_0,手语,shŏuyŭ,https://photo-storage-bj.vivo.com.cn/ai-avatar/sign_language_word_00001063.mp4,864,common
'00003137,首都,shŏudū,https://photo-storage-bj.vivo.com.cn/ai-avatar/sign_language_word_00003137.mp4,865,common
00000437_1,首长,shŏuzhăng,https://photo-storage-bj.vivo.com.cn/ai-avatar/sign_language_word_00000437.mp4,866,common
00000524_3,寿命,shòumìng,https://photo-storage-bj.vivo.com.cn/ai-avatar/sign_language_word_00000524.mp4,867,common
00000600_0,受不了,shòu·buliăo,https://photo-storage-bj.vivo.com.cn/ai-avatar/sign_language_word_00000600.mp4,868,common
'00000920,瘦,shòu,https://photo-storage-bj.vivo.com.cn/ai-avatar/sign_language_word_00000920.mp4,869,common
00000263_0,书,shū,https://photo-storage-bj.vivo.com.cn/ai-avatar/sign_language_word_00000263.mp4,870,common
'00004288,书记,shūjì,https://photo-storage-bj.vivo.com.cn/ai-avatar/sign_language_word_00004288.mp4,871,common
'00001089,叔叔②,shū·shu,https://photo-storage-bj.vivo.com.cn/ai-avatar/sign_language_word_00001089.mp4,872,common
00000261_0,舒服,shū·fu,https://photo-storage-bj.vivo.com.cn/ai-avatar/sign_language_word_00000261.mp4,873,common
00000591_1,输②,shū,https://photo-storage-bj.vivo.com.cn/ai-avatar/sign_language_word_00000591.mp4,874,common
'00000576,熟悉,shú·xi,https://photo-storage-bj.vivo.com.cn/ai-avatar/sign_language_word_00000576.mp4,875,common
'00001064,暑假,shŭjià,https://photo-storage-bj.vivo.com.cn/ai-avatar/sign_language_word_00001064.mp4,876,common
'00002918,树②,shù,https://photo-storage-bj.vivo.com.cn/ai-avatar/sign_language_word_00002918.mp4,877,common
00000073_1,数量,shùliàng,https://photo-storage-bj.vivo.com.cn/ai-avatar/sign_language_word_00000073.mp4,878,common
00000365_2,数码,shùmă,https://photo-storage-bj.vivo.com.cn/ai-avatar/sign_language_word_00000365.mp4,879,common
'00001254,数学,shùxué,https://photo-storage-bj.vivo.com.cn/ai-avatar/sign_language_word_00001254.mp4,880,common
00001121_1,刷牙,shuāyá,https://photo-storage-bj.vivo.com.cn/ai-avatar/sign_language_word_00001121.mp4,881,common
'00001472,帅,shuài,https://photo-storage-bj.vivo.com.cn/ai-avatar/sign_language_word_00001472.mp4,882,common
'00000856,水①,shuĭ,https://photo-storage-bj.vivo.com.cn/ai-avatar/sign_language_word_00000856.mp4,883,common
'00000857,水②,shuĭ,https://photo-storage-bj.vivo.com.cn/ai-avatar/sign_language_word_00000857.mp4,884,common
'00000430,水果,shuĭguŏ,https://photo-storage-bj.vivo.com.cn/ai-avatar/sign_language_word_00000430.mp4,885,common
'00000820,水平,shuĭpíng,https://photo-storage-bj.vivo.com.cn/ai-avatar/sign_language_word_00000820.mp4,886,common
00000119_0,睡觉,shuìjiào,https://photo-storage-bj.vivo.com.cn/ai-avatar/sign_language_word_00000119.mp4,887,common
'00000648,顺利,shùnlì,https://photo-storage-bj.vivo.com.cn/ai-avatar/sign_language_word_00000648.mp4,888,common
00000875_2,顺序,shùnxù,https://photo-storage-bj.vivo.com.cn/ai-avatar/sign_language_word_00000875.mp4,889,common
00000022_0,说,shuō,https://photo-storage-bj.vivo.com.cn/ai-avatar/sign_language_word_00000022.mp4,890,common
00000441_0,说明,shuōmíng,https://photo-storage-bj.vivo.com.cn/ai-avatar/sign_language_word_00000441.mp4,891,common
'00002471,硕士,shuòshì,https://photo-storage-bj.vivo.com.cn/ai-avatar/sign_language_word_00002471.mp4,892,common
00000233_1,司机,sījī,https://photo-storage-bj.vivo.com.cn/ai-avatar/sign_language_word_00000233.mp4,893,common
00000024_2,思考,sīkăo,https://photo-storage-bj.vivo.com.cn/ai-avatar/sign_language_word_00000024.mp4,894,common
00000024_0,思想,sīxiăng,https://photo-storage-bj.vivo.com.cn/ai-avatar/sign_language_word_00000024.mp4,895,common
00000556_1,四,sì,https://photo-storage-bj.vivo.com.cn/ai-avatar/sign_language_word_00000556.mp4,896,common
00006863_2,四月,sìyuè,https://photo-storage-bj.vivo.com.cn/ai-avatar/sign_language_word_00006863.mp4,897,common
00001625_0,耸立②,sŏnglì,https://photo-storage-bj.vivo.com.cn/ai-avatar/sign_language_word_00001625.mp4,898,common
'00000218,送,sòng,https://photo-storage-bj.vivo.com.cn/ai-avatar/sign_language_word_00000218.mp4,899,common
00000447_2,宿舍,sùshè,https://photo-storage-bj.vivo.com.cn/ai-avatar/sign_language_word_00000447.mp4,900,common
'00000432,塑料,sùliào,https://photo-storage-bj.vivo.com.cn/ai-avatar/sign_language_word_00000432.mp4,901,common
'00001345,塑料袋,sùliàodài,https://photo-storage-bj.vivo.com.cn/ai-avatar/sign_language_word_00001345.mp4,902,common
00001264_1,酸,suān,https://photo-storage-bj.vivo.com.cn/ai-avatar/sign_language_word_00001264.mp4,903,common
00000319_1,随便②,suíbiàn,https://photo-storage-bj.vivo.com.cn/ai-avatar/sign_language_word_00000319.mp4,904,common
'00000731,随时,suíshí,https://photo-storage-bj.vivo.com.cn/ai-avatar/sign_language_word_00000731.mp4,905,common
00000062_2,随着,suí·zhe,https://photo-storage-bj.vivo.com.cn/ai-avatar/sign_language_word_00000062.mp4,906,common
'00002741,孙,Sūn,https://photo-storage-bj.vivo.com.cn/ai-avatar/sign_language_word_00002741.mp4,907,common
'00002165,孙子,sūn·zi,https://photo-storage-bj.vivo.com.cn/ai-avatar/sign_language_word_00002165.mp4,908,common
00000094_0,所以①,suŏyĭ,https://photo-storage-bj.vivo.com.cn/ai-avatar/sign_language_word_00000094.mp4,909,common
00000015_2,所有,suŏyŏu,https://photo-storage-bj.vivo.com.cn/ai-avatar/sign_language_word_00000015.mp4,910,common
00000006_0,他,tā,https://photo-storage-bj.vivo.com.cn/ai-avatar/sign_language_word_00000006.mp4,911,common
00000044_0,他们,tā·men,https://photo-storage-bj.vivo.com.cn/ai-avatar/sign_language_word_00000044.mp4,912,common
00000006_2,它,tā,https://photo-storage-bj.vivo.com.cn/ai-avatar/sign_language_word_00000006.mp4,913,common
00000044_2,它们,tā·men,https://photo-storage-bj.vivo.com.cn/ai-avatar/sign_language_word_00000044.mp4,914,common
00000006_1,她,tā,https://photo-storage-bj.vivo.com.cn/ai-avatar/sign_language_word_00000006.mp4,915,common
00000044_1,她们,tā·men,https://photo-storage-bj.vivo.com.cn/ai-avatar/sign_language_word_00000044.mp4,916,common
'00002598,抬,tái,https://photo-storage-bj.vivo.com.cn/ai-avatar/sign_language_word_00002598.mp4,917,common
00000012_1,太①,tài,https://photo-storage-bj.vivo.com.cn/ai-avatar/sign_language_word_00000012.mp4,918,common
00000013_1,太②,tài,https://photo-storage-bj.vivo.com.cn/ai-avatar/sign_language_word_00000013.mp4,919,common
'00001173,太阳,tài·yáng,https://photo-storage-bj.vivo.com.cn/ai-avatar/sign_language_word_00001173.mp4,920,common
00000207_3,态度,tàidù,https://photo-storage-bj.vivo.com.cn/ai-avatar/sign_language_word_00000207.mp4,921,common
00000067_2,探索,tànsuŏ,https://photo-storage-bj.vivo.com.cn/ai-avatar/sign_language_word_00000067.mp4,922,common
00000067_3,探寻,tànxún,https://photo-storage-bj.vivo.com.cn/ai-avatar/sign_language_word_00000067.mp4,923,common
'00000537,汤,tāng,https://photo-storage-bj.vivo.com.cn/ai-avatar/sign_language_word_00000537.mp4,924,common
00000678_2,唐,táng,https://photo-storage-bj.vivo.com.cn/ai-avatar/sign_language_word_00000678.mp4,925,common
00000678_0,糖,táng,https://photo-storage-bj.vivo.com.cn/ai-avatar/sign_language_word_00000678.mp4,926,common
'00001233,躺,tăng,https://photo-storage-bj.vivo.com.cn/ai-avatar/sign_language_word_00001233.mp4,927,common
'00000608,讨论,tăolùn,https://photo-storage-bj.vivo.com.cn/ai-avatar/sign_language_word_00000608.mp4,928,common
00000324_1,讨厌,tăoyàn,https://photo-storage-bj.vivo.com.cn/ai-avatar/sign_language_word_00000324.mp4,929,common
00000137_1,特别,tèbié,https://photo-storage-bj.vivo.com.cn/ai-avatar/sign_language_word_00000137.mp4,930,common
'00001550,特点,tèdiăn,https://photo-storage-bj.vivo.com.cn/ai-avatar/sign_language_word_00001550.mp4,931,common
'00001434,特色,tèsè,https://photo-storage-bj.vivo.com.cn/ai-avatar/sign_language_word_00001434.mp4,932,common
00000902_1,特意,tèyì,https://photo-storage-bj.vivo.com.cn/ai-avatar/sign_language_word_00000902.mp4,933,common
'00000687,提,tí,https://photo-storage-bj.vivo.com.cn/ai-avatar/sign_language_word_00000687.mp4,934,common
'00000723,提高,tígāo,https://photo-storage-bj.vivo.com.cn/ai-avatar/sign_language_word_00000723.mp4,935,common
'00000446,提前①,tíqián,https://photo-storage-bj.vivo.com.cn/ai-avatar/sign_language_word_00000446.mp4,936,common
00000407_1,提前②,tíqián,https://photo-storage-bj.vivo.com.cn/ai-avatar/sign_language_word_00000407.mp4,937,common
00000407_0,提升,tíshēng,https://photo-storage-bj.vivo.com.cn/ai-avatar/sign_language_word_00000407.mp4,938,common
00000064_2,提醒,tíxĭng,https://photo-storage-bj.vivo.com.cn/ai-avatar/sign_language_word_00000064.mp4,939,common
00000177_4,题目②,tímù,https://photo-storage-bj.vivo.com.cn/ai-avatar/sign_language_word_00000177.mp4,940,common
00001442_1,体征,tĭzhēng,https://photo-storage-bj.vivo.com.cn/ai-avatar/sign_language_word_00001442.mp4,941,common
00000143_0,天,tiān,https://photo-storage-bj.vivo.com.cn/ai-avatar/sign_language_word_00000143.mp4,942,common
'00004315,天安门,Tiān'ānmén,https://photo-storage-bj.vivo.com.cn/ai-avatar/sign_language_word_00004315.mp4,943,common
00001009_0,天津,Tiānjīn,https://photo-storage-bj.vivo.com.cn/ai-avatar/sign_language_word_00001009.mp4,944,common
00000672_0,天空,tiānkōng,https://photo-storage-bj.vivo.com.cn/ai-avatar/sign_language_word_00000672.mp4,945,common
00000359_0,天气,tiānqì,https://photo-storage-bj.vivo.com.cn/ai-avatar/sign_language_word_00000359.mp4,946,common
'00001408,天气预报,tiānqìyùbào,https://photo-storage-bj.vivo.com.cn/ai-avatar/sign_language_word_00001408.mp4,947,common
'00006165,天然气,tiānránqì,https://photo-storage-bj.vivo.com.cn/ai-avatar/sign_language_word_00006165.mp4,948,common
00000678_1,甜,tián,https://photo-storage-bj.vivo.com.cn/ai-avatar/sign_language_word_00000678.mp4,949,common
00000673_1,跳舞,tiàowŭ,https://photo-storage-bj.vivo.com.cn/ai-avatar/sign_language_word_00000673.mp4,950,common
'00000110,听,tīng,https://photo-storage-bj.vivo.com.cn/ai-avatar/sign_language_word_00000110.mp4,951,common
'00001133,停止,tíngzhĭ,https://photo-storage-bj.vivo.com.cn/ai-avatar/sign_language_word_00001133.mp4,952,common
00000273_1,通过①,tōngguò,https://photo-storage-bj.vivo.com.cn/ai-avatar/sign_language_word_00000273.mp4,953,common
00000064_0,通知①,tōngzhī,https://photo-storage-bj.vivo.com.cn/ai-avatar/sign_language_word_00000064.mp4,954,common
'00000618,同时,tóngshí,https://photo-storage-bj.vivo.com.cn/ai-avatar/sign_language_word_00000618.mp4,955,common
'00000400,同事,tóngshì,https://photo-storage-bj.vivo.com.cn/ai-avatar/sign_language_word_00000400.mp4,956,common
'00000249,同学①,tóngxué,https://photo-storage-bj.vivo.com.cn/ai-avatar/sign_language_word_00000249.mp4,957,common
00000180_0,同意②,tóngyì,https://photo-storage-bj.vivo.com.cn/ai-avatar/sign_language_word_00000180.mp4,958,common
'00000553,痛苦,tòngkŭ,https://photo-storage-bj.vivo.com.cn/ai-avatar/sign_language_word_00000553.mp4,959,common
'00000695,头发,tóu·fɑ,https://photo-storage-bj.vivo.com.cn/ai-avatar/sign_language_word_00000695.mp4,960,common
00000592_0,突然,tūrán,https://photo-storage-bj.vivo.com.cn/ai-avatar/sign_language_word_00000592.mp4,961,common
'00000732,图书馆,túshūguăn,https://photo-storage-bj.vivo.com.cn/ai-avatar/sign_language_word_00000732.mp4,962,common
00001675_1,徒弟,tú·dì,https://photo-storage-bj.vivo.com.cn/ai-avatar/sign_language_word_00001675.mp4,963,common
'00001879,推,tuī,https://photo-storage-bj.vivo.com.cn/ai-avatar/sign_language_word_00001879.mp4,964,common
00001479_2,推迟,tuīchí,https://photo-storage-bj.vivo.com.cn/ai-avatar/sign_language_word_00001479.mp4,965,common
'00002747,脱,tuō,https://photo-storage-bj.vivo.com.cn/ai-avatar/sign_language_word_00002747.mp4,966,common
00000789_1,蛙泳,wāyŏng,https://photo-storage-bj.vivo.com.cn/ai-avatar/sign_language_word_00000789.mp4,967,common
'00001435,袜子,wà·zi,https://photo-storage-bj.vivo.com.cn/ai-avatar/sign_language_word_00001435.mp4,968,common
00000326_0,外,wài,https://photo-storage-bj.vivo.com.cn/ai-avatar/sign_language_word_00000326.mp4,969,common
'00003155,外公,wàigōng,https://photo-storage-bj.vivo.com.cn/ai-avatar/sign_language_word_00003155.mp4,970,common
'00002603,外甥,wài·sheng,https://photo-storage-bj.vivo.com.cn/ai-avatar/sign_language_word_00002603.mp4,971,common
'00002477,外语,wàiyŭ,https://photo-storage-bj.vivo.com.cn/ai-avatar/sign_language_word_00002477.mp4,972,common
00000219_0,完成,wánchéng,https://photo-storage-bj.vivo.com.cn/ai-avatar/sign_language_word_00000219.mp4,973,common
00000004_2,完了①,wán·le,https://photo-storage-bj.vivo.com.cn/ai-avatar/sign_language_word_00000004.mp4,974,common
00000219_2,完了②,wánliǎo,https://photo-storage-bj.vivo.com.cn/ai-avatar/sign_language_word_00000219.mp4,975,common
'00000815,完美,wánmĕi,https://photo-storage-bj.vivo.com.cn/ai-avatar/sign_language_word_00000815.mp4,976,common
00000015_4,完全①,wánquán,https://photo-storage-bj.vivo.com.cn/ai-avatar/sign_language_word_00000015.mp4,977,common
00000311_0,完全②,wánquán,https://photo-storage-bj.vivo.com.cn/ai-avatar/sign_language_word_00000311.mp4,978,common
00000311_1,完整无缺,wánzhĕngwúquē,https://photo-storage-bj.vivo.com.cn/ai-avatar/sign_language_word_00000311.mp4,979,common
'00000148,玩②,wán,https://photo-storage-bj.vivo.com.cn/ai-avatar/sign_language_word_00000148.mp4,980,common
'00001257,晚会,wănhuì,https://photo-storage-bj.vivo.com.cn/ai-avatar/sign_language_word_00001257.mp4,981,common
00000124_0,晚上,wănshàng,https://photo-storage-bj.vivo.com.cn/ai-avatar/sign_language_word_00000124.mp4,982,common
00001312_1,碗,wăn,https://photo-storage-bj.vivo.com.cn/ai-avatar/sign_language_word_00001312.mp4,983,common
00002030_0,万,wàn,https://photo-storage-bj.vivo.com.cn/ai-avatar/sign_language_word_00002030.mp4,984,common
00001816_0,网,wăng,https://photo-storage-bj.vivo.com.cn/ai-avatar/sign_language_word_00001816.mp4,985,common
'00002930,网购,wănggòu,https://photo-storage-bj.vivo.com.cn/ai-avatar/sign_language_word_00002930.mp4,986,common
'00000627,网络,wăngluò,https://photo-storage-bj.vivo.com.cn/ai-avatar/sign_language_word_00000627.mp4,987,common
'00002604,网球,wăngqiú,https://photo-storage-bj.vivo.com.cn/ai-avatar/sign_language_word_00002604.mp4,988,common
00000346_0,忘记,wàngjì,https://photo-storage-bj.vivo.com.cn/ai-avatar/sign_language_word_00000346.mp4,989,common
00000840_1,危机①,wēijī,https://photo-storage-bj.vivo.com.cn/ai-avatar/sign_language_word_00000840.mp4,990,common
00000342_1,危机②,wēijī,https://photo-storage-bj.vivo.com.cn/ai-avatar/sign_language_word_00000342.mp4,991,common
00000840_0,危险①,wēixiăn,https://photo-storage-bj.vivo.com.cn/ai-avatar/sign_language_word_00000840.mp4,992,common
00000342_0,危险②,wēixiăn,https://photo-storage-bj.vivo.com.cn/ai-avatar/sign_language_word_00000342.mp4,993,common
'00002171,违法①,wéifă,https://photo-storage-bj.vivo.com.cn/ai-avatar/sign_language_word_00002171.mp4,994,common
00000871_0,违反②,wéifăn,https://photo-storage-bj.vivo.com.cn/ai-avatar/sign_language_word_00000871.mp4,995,common
00000484_2,维护②,wéihù,https://photo-storage-bj.vivo.com.cn/ai-avatar/sign_language_word_00000484.mp4,996,common
00000643_1,尾巴,wĕi·bɑ,https://photo-storage-bj.vivo.com.cn/ai-avatar/sign_language_word_00000643.mp4,997,common
00000316_2,委屈,wĕi·qu,https://photo-storage-bj.vivo.com.cn/ai-avatar/sign_language_word_00000316.mp4,998,common
'00001298,卫生,wèishēng,https://photo-storage-bj.vivo.com.cn/ai-avatar/sign_language_word_00001298.mp4,999,common
'00000089,为什么,wéishén·me,https://photo-storage-bj.vivo.com.cn/ai-avatar/sign_language_word_00000089.mp4,1000,common
00000562_1,位,wèi,https://photo-storage-bj.vivo.com.cn/ai-avatar/sign_language_word_00000562.mp4,1001,common
00001670_0,温度,wēndù,https://photo-storage-bj.vivo.com.cn/ai-avatar/sign_language_word_00001670.mp4,1002,common
00001670_1,温度计①,wēndùjì,https://photo-storage-bj.vivo.com.cn/ai-avatar/sign_language_word_00001670.mp4,1003,common
00000435_1,温暖,wēnnuăn,https://photo-storage-bj.vivo.com.cn/ai-avatar/sign_language_word_00000435.mp4,1004,common
'00000900,文化②,wénhuà,https://photo-storage-bj.vivo.com.cn/ai-avatar/sign_language_word_00000900.mp4,1005,common
'00001234,文章,wénzhāng,https://photo-storage-bj.vivo.com.cn/ai-avatar/sign_language_word_00001234.mp4,1006,common
00001068_0,闻名,wénmíng,https://photo-storage-bj.vivo.com.cn/ai-avatar/sign_language_word_00001068.mp4,1007,common
00000109_0,问,wèn,https://photo-storage-bj.vivo.com.cn/ai-avatar/sign_language_word_00000109.mp4,1008,common
00000069_0,问号,wènhào,https://photo-storage-bj.vivo.com.cn/ai-avatar/sign_language_word_00000069.mp4,1009,common
00000069_1,问题,wèntí,https://photo-storage-bj.vivo.com.cn/ai-avatar/sign_language_word_00000069.mp4,1010,common
'00000002,我,wŏ,https://photo-storage-bj.vivo.com.cn/ai-avatar/sign_language_word_00000002.mp4,1011,common
'00000007,我们,wŏ·men,https://photo-storage-bj.vivo.com.cn/ai-avatar/sign_language_word_00000007.mp4,1012,common
00000447_0,卧室,wòshì,https://photo-storage-bj.vivo.com.cn/ai-avatar/sign_language_word_00000447.mp4,1013,common
'00001554,污染,wūrăn,https://photo-storage-bj.vivo.com.cn/ai-avatar/sign_language_word_00001554.mp4,1014,common
00000317_1,无论,wúlùn,https://photo-storage-bj.vivo.com.cn/ai-avatar/sign_language_word_00000317.mp4,1015,common
00000312_1,五,wŭ,https://photo-storage-bj.vivo.com.cn/ai-avatar/sign_language_word_00000312.mp4,1016,common
00006864_2,五月,wŭyuè,https://photo-storage-bj.vivo.com.cn/ai-avatar/sign_language_word_00006864.mp4,1017,common
'00001010,武汉,Wŭhàn,https://photo-storage-bj.vivo.com.cn/ai-avatar/sign_language_word_00001010.mp4,1018,common
00000673_0,舞蹈,wŭdăo,https://photo-storage-bj.vivo.com.cn/ai-avatar/sign_language_word_00000673.mp4,1019,common
00000075_0,物质①,wùzhì,https://photo-storage-bj.vivo.com.cn/ai-avatar/sign_language_word_00000075.mp4,1020,common
00000075_3,物资①,wùzī,https://photo-storage-bj.vivo.com.cn/ai-avatar/sign_language_word_00000075.mp4,1021,common
00000708_0,误会,wùhuì,https://photo-storage-bj.vivo.com.cn/ai-avatar/sign_language_word_00000708.mp4,1022,common
00000708_1,误解,wùjiĕ,https://photo-storage-bj.vivo.com.cn/ai-avatar/sign_language_word_00000708.mp4,1023,common
'00002371,西②,xī,https://photo-storage-bj.vivo.com.cn/ai-avatar/sign_language_word_00002371.mp4,1024,common
'00000907,西安,Xī'ān,https://photo-storage-bj.vivo.com.cn/ai-avatar/sign_language_word_00000907.mp4,1025,common
'00001942,西服,xīfú,https://photo-storage-bj.vivo.com.cn/ai-avatar/sign_language_word_00001942.mp4,1026,common
'00001672,西瓜②,xī·guā,https://photo-storage-bj.vivo.com.cn/ai-avatar/sign_language_word_00001672.mp4,1027,common
00001375_0,西红柿,xīhóngshì,https://photo-storage-bj.vivo.com.cn/ai-avatar/sign_language_word_00001375.mp4,1028,common
00000724_1,吸烟,xīyān,https://photo-storage-bj.vivo.com.cn/ai-avatar/sign_language_word_00000724.mp4,1029,common
00000852_1,吸引,xīyĭn,https://photo-storage-bj.vivo.com.cn/ai-avatar/sign_language_word_00000852.mp4,1030,common
'00000341,习惯,xíguàn,https://photo-storage-bj.vivo.com.cn/ai-avatar/sign_language_word_00000341.mp4,1031,common
'00000420,洗,xĭ,https://photo-storage-bj.vivo.com.cn/ai-avatar/sign_language_word_00000420.mp4,1032,common
'00001049,洗脸,xĭliăn,https://photo-storage-bj.vivo.com.cn/ai-avatar/sign_language_word_00001049.mp4,1033,common
00000035_0,喜欢,xĭ·huɑn,https://photo-storage-bj.vivo.com.cn/ai-avatar/sign_language_word_00000035.mp4,1034,common
'00003419,喜悦,xĭyuè,https://photo-storage-bj.vivo.com.cn/ai-avatar/sign_language_word_00003419.mp4,1035,common
00001721_1,戏①,xì,https://photo-storage-bj.vivo.com.cn/ai-avatar/sign_language_word_00001721.mp4,1036,common
00001721_0,戏剧①,xìjù,https://photo-storage-bj.vivo.com.cn/ai-avatar/sign_language_word_00001721.mp4,1037,common
'00000322,下班①,xiàbān,https://photo-storage-bj.vivo.com.cn/ai-avatar/sign_language_word_00000322.mp4,1038,common
'00001477,下课,xiàkè,https://photo-storage-bj.vivo.com.cn/ai-avatar/sign_language_word_00001477.mp4,1039,common
'00000195,下午①,xiàwŭ,https://photo-storage-bj.vivo.com.cn/ai-avatar/sign_language_word_00000195.mp4,1040,common
'00000196,下午②,xiàwŭ,https://photo-storage-bj.vivo.com.cn/ai-avatar/sign_language_word_00000196.mp4,1041,common
00001278_1,下雨,xiàyŭ,https://photo-storage-bj.vivo.com.cn/ai-avatar/sign_language_word_00001278.mp4,1042,common
00000527_2,夏①,xià,https://photo-storage-bj.vivo.com.cn/ai-avatar/sign_language_word_00000527.mp4,1043,common
'00002607,夏②,xià,https://photo-storage-bj.vivo.com.cn/ai-avatar/sign_language_word_00002607.mp4,1044,common
00000083_3,先前,xiānqián,https://photo-storage-bj.vivo.com.cn/ai-avatar/sign_language_word_00000083.mp4,1045,common
00000068_1,先生①,xiān·sheng,https://photo-storage-bj.vivo.com.cn/ai-avatar/sign_language_word_00000068.mp4,1046,common
00000097_1,先生②,xiān·sheng,https://photo-storage-bj.vivo.com.cn/ai-avatar/sign_language_word_00000097.mp4,1047,common
00000641_2,嫌疑,xiányí,https://photo-storage-bj.vivo.com.cn/ai-avatar/sign_language_word_00000641.mp4,1048,common
00000029_0,现在,xiànzài,https://photo-storage-bj.vivo.com.cn/ai-avatar/sign_language_word_00000029.mp4,1049,common
00000609_1,羡慕,xiànmù,https://photo-storage-bj.vivo.com.cn/ai-avatar/sign_language_word_00000609.mp4,1050,common
00001350_2,相对,xiāngduì,https://photo-storage-bj.vivo.com.cn/ai-avatar/sign_language_word_00001350.mp4,1051,common
00000871_1,相反,xiāngfăn,https://photo-storage-bj.vivo.com.cn/ai-avatar/sign_language_word_00000871.mp4,1052,common
00000104_0,相同,xiāngtóng,https://photo-storage-bj.vivo.com.cn/ai-avatar/sign_language_word_00000104.mp4,1053,common
00001350_0,相向,xiāngxiàng,https://photo-storage-bj.vivo.com.cn/ai-avatar/sign_language_word_00001350.mp4,1054,common
00000132_0,相信,xiāngxìn,https://photo-storage-bj.vivo.com.cn/ai-avatar/sign_language_word_00000132.mp4,1055,common
00001350_1,相遇,xiāngyù,https://photo-storage-bj.vivo.com.cn/ai-avatar/sign_language_word_00001350.mp4,1056,common
'00001779,香,xiāng,https://photo-storage-bj.vivo.com.cn/ai-avatar/sign_language_word_00001779.mp4,1057,common
00001134_0,香蕉,xiāngjiāo,https://photo-storage-bj.vivo.com.cn/ai-avatar/sign_language_word_00001134.mp4,1058,common
00000724_0,香烟,xiāngyān,https://photo-storage-bj.vivo.com.cn/ai-avatar/sign_language_word_00000724.mp4,1059,common
'00000664,享受,xiăngshòu,https://photo-storage-bj.vivo.com.cn/ai-avatar/sign_language_word_00000664.mp4,1060,common
00000024_1,想,xiăng,https://photo-storage-bj.vivo.com.cn/ai-avatar/sign_language_word_00000024.mp4,1061,common
00000093_0,像,xiàng,https://photo-storage-bj.vivo.com.cn/ai-avatar/sign_language_word_00000093.mp4,1062,common
'00003422,橡皮,xiàngpí,https://photo-storage-bj.vivo.com.cn/ai-avatar/sign_language_word_00003422.mp4,1063,common
00000451_4,消费①,xiāofèi,https://photo-storage-bj.vivo.com.cn/ai-avatar/sign_language_word_00000451.mp4,1064,common
00000202_1,消息,xiāo·xi,https://photo-storage-bj.vivo.com.cn/ai-avatar/sign_language_word_00000202.mp4,1065,common
00000319_4,潇洒②,xiāosă,https://photo-storage-bj.vivo.com.cn/ai-avatar/sign_language_word_00000319.mp4,1066,common
'00000206,小,xiăo,https://photo-storage-bj.vivo.com.cn/ai-avatar/sign_language_word_00000206.mp4,1067,common
'00000257,小时,xiăoshí,https://photo-storage-bj.vivo.com.cn/ai-avatar/sign_language_word_00000257.mp4,1068,common
'00001135,小说,xiăoshuō,https://photo-storage-bj.vivo.com.cn/ai-avatar/sign_language_word_00001135.mp4,1069,common
'00000549,小心,xiăoxīn,https://photo-storage-bj.vivo.com.cn/ai-avatar/sign_language_word_00000549.mp4,1070,common
00001382_2,孝敬,xiàojìng,https://photo-storage-bj.vivo.com.cn/ai-avatar/sign_language_word_00001382.mp4,1071,common
'00001724,校长,xiàozhăng,https://photo-storage-bj.vivo.com.cn/ai-avatar/sign_language_word_00001724.mp4,1072,common
00000716_1,效果,xiàoguŏ,https://photo-storage-bj.vivo.com.cn/ai-avatar/sign_language_word_00000716.mp4,1073,common
'00000770,鞋,xié,https://photo-storage-bj.vivo.com.cn/ai-avatar/sign_language_word_00000770.mp4,1074,common
'00001592,写字,xiĕzì,https://photo-storage-bj.vivo.com.cn/ai-avatar/sign_language_word_00001592.mp4,1075,common
00000096_1,谢谢,xiè·xie,https://photo-storage-bj.vivo.com.cn/ai-avatar/sign_language_word_00000096.mp4,1076,common
'00000638,心,xīn,https://photo-storage-bj.vivo.com.cn/ai-avatar/sign_language_word_00000638.mp4,1077,common
00000354_0,心情,xīnqíng,https://photo-storage-bj.vivo.com.cn/ai-avatar/sign_language_word_00000354.mp4,1078,common
'00000411,辛苦,xīnkŭ,https://photo-storage-bj.vivo.com.cn/ai-avatar/sign_language_word_00000411.mp4,1079,common
'00000146,新①,xīn,https://photo-storage-bj.vivo.com.cn/ai-avatar/sign_language_word_00000146.mp4,1080,common
00000136_0,新②,xīn,https://photo-storage-bj.vivo.com.cn/ai-avatar/sign_language_word_00000136.mp4,1081,common
'00000970,新闻,xīnwén,https://photo-storage-bj.vivo.com.cn/ai-avatar/sign_language_word_00000970.mp4,1082,common
'00002611,信封,xìnfēng,https://photo-storage-bj.vivo.com.cn/ai-avatar/sign_language_word_00002611.mp4,1083,common
00000202_0,信息,xìnxī,https://photo-storage-bj.vivo.com.cn/ai-avatar/sign_language_word_00000202.mp4,1084,common
'00000688,信心,xìnxīn,https://photo-storage-bj.vivo.com.cn/ai-avatar/sign_language_word_00000688.mp4,1085,common
'00000318,信用卡,xìnyòngkă,https://photo-storage-bj.vivo.com.cn/ai-avatar/sign_language_word_00000318.mp4,1086,common
00006837_0,星期六①,xīngqīliù,https://photo-storage-bj.vivo.com.cn/ai-avatar/sign_language_word_00006837.mp4,1087,common
00006838_1,星期日①,xīngqīrì,https://photo-storage-bj.vivo.com.cn/ai-avatar/sign_language_word_00006838.mp4,1088,common
00000207_4,形式,xíngshì,https://photo-storage-bj.vivo.com.cn/ai-avatar/sign_language_word_00000207.mp4,1089,common
'00001091,醒,xĭng,https://photo-storage-bj.vivo.com.cn/ai-avatar/sign_language_word_00001091.mp4,1090,common
00001398_1,醒悟,xĭngwù,https://photo-storage-bj.vivo.com.cn/ai-avatar/sign_language_word_00001398.mp4,1091,common
'00000231,幸福,xìngfú,https://photo-storage-bj.vivo.com.cn/ai-avatar/sign_language_word_00000231.mp4,1092,common
00000846_0,性格,xìnggé,https://photo-storage-bj.vivo.com.cn/ai-avatar/sign_language_word_00000846.mp4,1093,common
'00002013,性质,xìngzhì,https://photo-storage-bj.vivo.com.cn/ai-avatar/sign_language_word_00002013.mp4,1094,common
'00001478,姓,xìng,https://photo-storage-bj.vivo.com.cn/ai-avatar/sign_language_word_00001478.mp4,1095,common
'00000725,姓名,xìngmíng,https://photo-storage-bj.vivo.com.cn/ai-avatar/sign_language_word_00000725.mp4,1096,common
'00003426,熊猫,xióngmāo,https://photo-storage-bj.vivo.com.cn/ai-avatar/sign_language_word_00003426.mp4,1097,common
00000174_1,休假,xiūjià,https://photo-storage-bj.vivo.com.cn/ai-avatar/sign_language_word_00000174.mp4,1098,common
00000174_0,休息,xiū·xi,https://photo-storage-bj.vivo.com.cn/ai-avatar/sign_language_word_00000174.mp4,1099,common
'00001302,修理,xiūlĭ,https://photo-storage-bj.vivo.com.cn/ai-avatar/sign_language_word_00001302.mp4,1100,common
00000016_1,需要②,xūyào,https://photo-storage-bj.vivo.com.cn/ai-avatar/sign_language_word_00000016.mp4,1101,common
00000414_1,许可,xŭkĕ,https://photo-storage-bj.vivo.com.cn/ai-avatar/sign_language_word_00000414.mp4,1102,common
'00001186,学历,xuélì,https://photo-storage-bj.vivo.com.cn/ai-avatar/sign_language_word_00001186.mp4,1103,common
'00000866,学期,xuéqī,https://photo-storage-bj.vivo.com.cn/ai-avatar/sign_language_word_00000866.mp4,1104,common
'00000300,学生,xué·shēng,https://photo-storage-bj.vivo.com.cn/ai-avatar/sign_language_word_00000300.mp4,1105,common
'00001949,学生证,xuéshēngzhèng,https://photo-storage-bj.vivo.com.cn/ai-avatar/sign_language_word_00001949.mp4,1106,common
00001675_0,学徒,xuétú,https://photo-storage-bj.vivo.com.cn/ai-avatar/sign_language_word_00001675.mp4,1107,common
'00000238,学习①,xuéxí,https://photo-storage-bj.vivo.com.cn/ai-avatar/sign_language_word_00000238.mp4,1108,common
00000229_0,学习②,xuéxí,https://photo-storage-bj.vivo.com.cn/ai-avatar/sign_language_word_00000229.mp4,1109,common
'00000169,学校,xuéxiào,https://photo-storage-bj.vivo.com.cn/ai-avatar/sign_language_word_00000169.mp4,1110,common
00000728_1,训练,xùnliàn,https://photo-storage-bj.vivo.com.cn/ai-avatar/sign_language_word_00000728.mp4,1111,common
00000129_2,迅速,xùnsù,https://photo-storage-bj.vivo.com.cn/ai-avatar/sign_language_word_00000129.mp4,1112,common
'00002489,鸭,yā,https://photo-storage-bj.vivo.com.cn/ai-avatar/sign_language_word_00002489.mp4,1113,common
'00002944,牙膏,yágāo,https://photo-storage-bj.vivo.com.cn/ai-avatar/sign_language_word_00002944.mp4,1114,common
00001121_0,牙刷,yáshuā,https://photo-storage-bj.vivo.com.cn/ai-avatar/sign_language_word_00001121.mp4,1115,common
'00001827,亚洲,Yàzhōu,https://photo-storage-bj.vivo.com.cn/ai-avatar/sign_language_word_00001827.mp4,1116,common
00001479_1,延后,yánhòu,https://photo-storage-bj.vivo.com.cn/ai-avatar/sign_language_word_00001479.mp4,1117,common
'00002490,延期①,yánqī,https://photo-storage-bj.vivo.com.cn/ai-avatar/sign_language_word_00002490.mp4,1118,common
00001479_0,延期②,yánqī,https://photo-storage-bj.vivo.com.cn/ai-avatar/sign_language_word_00001479.mp4,1119,common
'00001325,严格,yángé,https://photo-storage-bj.vivo.com.cn/ai-avatar/sign_language_word_00001325.mp4,1120,common
'00000422,严重,yánzhòng,https://photo-storage-bj.vivo.com.cn/ai-avatar/sign_language_word_00000422.mp4,1121,common
00000391_0,研究,yánjiū,https://photo-storage-bj.vivo.com.cn/ai-avatar/sign_language_word_00000391.mp4,1122,common
'00001210,研究生,yánjiūshēng,https://photo-storage-bj.vivo.com.cn/ai-avatar/sign_language_word_00001210.mp4,1123,common
00000276_0,颜色,yánsè,https://photo-storage-bj.vivo.com.cn/ai-avatar/sign_language_word_00000276.mp4,1124,common
'00001950,眼镜,yănjìng,https://photo-storage-bj.vivo.com.cn/ai-avatar/sign_language_word_00001950.mp4,1125,common
00000762_1,演出,yănchū,https://photo-storage-bj.vivo.com.cn/ai-avatar/sign_language_word_00000762.mp4,1126,common
'00001783,演员,yănyuán,https://photo-storage-bj.vivo.com.cn/ai-avatar/sign_language_word_00001783.mp4,1127,common
00000324_0,厌恶,yànwù,https://photo-storage-bj.vivo.com.cn/ai-avatar/sign_language_word_00000324.mp4,1128,common
00000207_0,样子,yàng·zi,https://photo-storage-bj.vivo.com.cn/ai-avatar/sign_language_word_00000207.mp4,1129,common
00000711_2,邀请,yāoqĭng,https://photo-storage-bj.vivo.com.cn/ai-avatar/sign_language_word_00000711.mp4,1130,common
00000374_0,药,yào,https://photo-storage-bj.vivo.com.cn/ai-avatar/sign_language_word_00000374.mp4,1131,common
00000016_0,要,yào,https://photo-storage-bj.vivo.com.cn/ai-avatar/sign_language_word_00000016.mp4,1132,common
'00000170,要求,yāoqiú,https://photo-storage-bj.vivo.com.cn/ai-avatar/sign_language_word_00000170.mp4,1133,common
'00000578,钥匙,yào·shi,https://photo-storage-bj.vivo.com.cn/ai-avatar/sign_language_word_00000578.mp4,1134,common
00000909_0,爷爷,yé·ye,https://photo-storage-bj.vivo.com.cn/ai-avatar/sign_language_word_00000909.mp4,1135,common
00000071_1,也许②,yĕxŭ,https://photo-storage-bj.vivo.com.cn/ai-avatar/sign_language_word_00000071.mp4,1136,common
'00000212,业务,yèwù,https://photo-storage-bj.vivo.com.cn/ai-avatar/sign_language_word_00000212.mp4,1137,common
00000479_2,叶①,yè,https://photo-storage-bj.vivo.com.cn/ai-avatar/sign_language_word_00000479.mp4,1138,common
'00002180,页,yè,https://photo-storage-bj.vivo.com.cn/ai-avatar/sign_language_word_00002180.mp4,1139,common
00000124_1,夜晚,yèwăn,https://photo-storage-bj.vivo.com.cn/ai-avatar/sign_language_word_00000124.mp4,1140,common
00000151_1,一,yī,https://photo-storage-bj.vivo.com.cn/ai-avatar/sign_language_word_00000151.mp4,1141,common
'00000245,一般,yībān,https://photo-storage-bj.vivo.com.cn/ai-avatar/sign_language_word_00000245.mp4,1142,common
00000074_3,一定①,yīdìng,https://photo-storage-bj.vivo.com.cn/ai-avatar/sign_language_word_00000074.mp4,1143,common
00000088_1,一定②,yīdìng,https://photo-storage-bj.vivo.com.cn/ai-avatar/sign_language_word_00000088.mp4,1144,common
00000040_1,一对,yīduì,https://photo-storage-bj.vivo.com.cn/ai-avatar/sign_language_word_00000040.mp4,1145,common
'00000256,一会儿,yīhuìr,https://photo-storage-bj.vivo.com.cn/ai-avatar/sign_language_word_00000256.mp4,1146,common
00000023_2,一起,yīqĭ,https://photo-storage-bj.vivo.com.cn/ai-avatar/sign_language_word_00000023.mp4,1147,common
00000514_0,一星期,yīxīngqī,https://photo-storage-bj.vivo.com.cn/ai-avatar/sign_language_word_00000514.mp4,1148,common
00000104_1,一样,yīyàng,https://photo-storage-bj.vivo.com.cn/ai-avatar/sign_language_word_00000104.mp4,1149,common
00001884_0,一月,yīyuè,https://photo-storage-bj.vivo.com.cn/ai-avatar/sign_language_word_00001884.mp4,1150,common
00000091_0,一直,yīzhí,https://photo-storage-bj.vivo.com.cn/ai-avatar/sign_language_word_00000091.mp4,1151,common
00000178_0,衣服,yī·fu,https://photo-storage-bj.vivo.com.cn/ai-avatar/sign_language_word_00000178.mp4,1152,common
00000255_0,医生,yīshēng,https://photo-storage-bj.vivo.com.cn/ai-avatar/sign_language_word_00000255.mp4,1153,common
'00000381,医院,yīyuàn,https://photo-storage-bj.vivo.com.cn/ai-avatar/sign_language_word_00000381.mp4,1154,common
00000875_3,依次,yīcì,https://photo-storage-bj.vivo.com.cn/ai-avatar/sign_language_word_00000875.mp4,1155,common
00000730_1,依旧,yījiù,https://photo-storage-bj.vivo.com.cn/ai-avatar/sign_language_word_00000730.mp4,1156,common
00000346_1,遗忘,yíwàng,https://photo-storage-bj.vivo.com.cn/ai-avatar/sign_language_word_00000346.mp4,1157,common
00000145_0,以后,yĭhòu,https://photo-storage-bj.vivo.com.cn/ai-avatar/sign_language_word_00000145.mp4,1158,common
00000083_0,以前,yĭqián,https://photo-storage-bj.vivo.com.cn/ai-avatar/sign_language_word_00000083.mp4,1159,common
'00001326,椅子,yĭ·zi,https://photo-storage-bj.vivo.com.cn/ai-avatar/sign_language_word_00001326.mp4,1160,common
'00001303,艺术,yìshù,https://photo-storage-bj.vivo.com.cn/ai-avatar/sign_language_word_00001303.mp4,1161,common
00000388_0,意见,yì·jiàn,https://photo-storage-bj.vivo.com.cn/ai-avatar/sign_language_word_00000388.mp4,1162,common
00001398_2,意识①,yì·shí,https://photo-storage-bj.vivo.com.cn/ai-avatar/sign_language_word_00001398.mp4,1163,common
'00000142,意思,yì·si,https://photo-storage-bj.vivo.com.cn/ai-avatar/sign_language_word_00000142.mp4,1164,common
00000264_0,意外,yìwài,https://photo-storage-bj.vivo.com.cn/ai-avatar/sign_language_word_00000264.mp4,1165,common
00000094_1,因此①,yīncĭ,https://photo-storage-bj.vivo.com.cn/ai-avatar/sign_language_word_00000094.mp4,1166,common
00000095_1,因此②,yīncĭ,https://photo-storage-bj.vivo.com.cn/ai-avatar/sign_language_word_00000095.mp4,1167,common
00000094_2,因而①,yīn'ér,https://photo-storage-bj.vivo.com.cn/ai-avatar/sign_language_word_00000094.mp4,1168,common
00000095_2,因而②,yīn'ér,https://photo-storage-bj.vivo.com.cn/ai-avatar/sign_language_word_00000095.mp4,1169,common
00000283_2,因素,yīnsù,https://photo-storage-bj.vivo.com.cn/ai-avatar/sign_language_word_00000283.mp4,1170,common
00000084_0,因为①,yīn·wèi,https://photo-storage-bj.vivo.com.cn/ai-avatar/sign_language_word_00000084.mp4,1171,common
'00003849,阴,yīn,https://photo-storage-bj.vivo.com.cn/ai-avatar/sign_language_word_00003849.mp4,1172,common
00000235_1,银②,yín,https://photo-storage-bj.vivo.com.cn/ai-avatar/sign_language_word_00000235.mp4,1173,common
00000235_0,银行,yínháng,https://photo-storage-bj.vivo.com.cn/ai-avatar/sign_language_word_00000235.mp4,1174,common
00000852_0,引,yĭn,https://photo-storage-bj.vivo.com.cn/ai-avatar/sign_language_word_00000852.mp4,1175,common
00000852_3,引诱,yĭnyòu,https://photo-storage-bj.vivo.com.cn/ai-avatar/sign_language_word_00000852.mp4,1176,common
'00000593,饮料,yĭnliào,https://photo-storage-bj.vivo.com.cn/ai-avatar/sign_language_word_00000593.mp4,1177,common
'00000674,印象,yìnxiàng,https://photo-storage-bj.vivo.com.cn/ai-avatar/sign_language_word_00000674.mp4,1178,common
'00000065,应该,yīnggāi,https://photo-storage-bj.vivo.com.cn/ai-avatar/sign_language_word_00000065.mp4,1179,common
00000711_3,应邀,yīngyāo,https://photo-storage-bj.vivo.com.cn/ai-avatar/sign_language_word_00000711.mp4,1180,common
00001481_2,英勇,yīngyŏng,https://photo-storage-bj.vivo.com.cn/ai-avatar/sign_language_word_00001481.mp4,1181,common
00000563_0,婴儿,yīng'ér,https://photo-storage-bj.vivo.com.cn/ai-avatar/sign_language_word_00000563.mp4,1182,common
00000275_1,赢①,yíng,https://photo-storage-bj.vivo.com.cn/ai-avatar/sign_language_word_00000275.mp4,1183,common
00000571_1,赢②,yíng,https://photo-storage-bj.vivo.com.cn/ai-avatar/sign_language_word_00000571.mp4,1184,common
00000349_0,影响,yĭngxiăng,https://photo-storage-bj.vivo.com.cn/ai-avatar/sign_language_word_00000349.mp4,1185,common
'00001438,拥挤,yōngjĭ,https://photo-storage-bj.vivo.com.cn/ai-avatar/sign_language_word_00001438.mp4,1186,common
00001481_0,勇敢,yŏnggăn,https://photo-storage-bj.vivo.com.cn/ai-avatar/sign_language_word_00001481.mp4,1187,common
00001481_3,勇于,yŏngyú,https://photo-storage-bj.vivo.com.cn/ai-avatar/sign_language_word_00001481.mp4,1188,common
00000066_0,用,yòng,https://photo-storage-bj.vivo.com.cn/ai-avatar/sign_language_word_00000066.mp4,1189,common
'00001069,优点,yōudiăn,https://photo-storage-bj.vivo.com.cn/ai-avatar/sign_language_word_00001069.mp4,1190,common
'00000842,优秀,yōuxiù,https://photo-storage-bj.vivo.com.cn/ai-avatar/sign_language_word_00000842.mp4,1191,common
00001277_0,幽默,yōumò,https://photo-storage-bj.vivo.com.cn/ai-avatar/sign_language_word_00001277.mp4,1192,common
'00003856,悠久,yōujiŭ,https://photo-storage-bj.vivo.com.cn/ai-avatar/sign_language_word_00003856.mp4,1193,common
00000084_1,由于①,yóuyú,https://photo-storage-bj.vivo.com.cn/ai-avatar/sign_language_word_00000084.mp4,1194,common
00000085_1,由于②,yóuyú,https://photo-storage-bj.vivo.com.cn/ai-avatar/sign_language_word_00000085.mp4,1195,common
'00002494,邮局,yóujú,https://photo-storage-bj.vivo.com.cn/ai-avatar/sign_language_word_00002494.mp4,1196,common
00000183_2,游览,yóulăn,https://photo-storage-bj.vivo.com.cn/ai-avatar/sign_language_word_00000183.mp4,1197,common
00000613_0,游戏,yóuxì,https://photo-storage-bj.vivo.com.cn/ai-avatar/sign_language_word_00000613.mp4,1198,common
00000789_0,游泳,yóuyŏng,https://photo-storage-bj.vivo.com.cn/ai-avatar/sign_language_word_00000789.mp4,1199,common
'00001559,友谊,yŏuyì,https://photo-storage-bj.vivo.com.cn/ai-avatar/sign_language_word_00001559.mp4,1200,common
'00000014,有,yŏu,https://photo-storage-bj.vivo.com.cn/ai-avatar/sign_language_word_00000014.mp4,1201,common
00001068_2,有名,yŏumíng,https://photo-storage-bj.vivo.com.cn/ai-avatar/sign_language_word_00001068.mp4,1202,common
'00000727,有用②,yŏuyòng,https://photo-storage-bj.vivo.com.cn/ai-avatar/sign_language_word_00000727.mp4,1203,common
00000019_0,又,yòu,https://photo-storage-bj.vivo.com.cn/ai-avatar/sign_language_word_00000019.mp4,1204,common
'00001595,幼儿园,yòu'éryuán,https://photo-storage-bj.vivo.com.cn/ai-avatar/sign_language_word_00001595.mp4,1205,common
00000008_2,于②,Yú,https://photo-storage-bj.vivo.com.cn/ai-avatar/sign_language_word_00000008.mp4,1206,common
00000623_0,鱼,yú,https://photo-storage-bj.vivo.com.cn/ai-avatar/sign_language_word_00000623.mp4,1207,common
00000623_1,俞,yú,https://photo-storage-bj.vivo.com.cn/ai-avatar/sign_language_word_00000623.mp4,1208,common
00000113_2,愉快,yúkuài,https://photo-storage-bj.vivo.com.cn/ai-avatar/sign_language_word_00000113.mp4,1209,common
'00001516,羽毛球,yŭmáoqiú,https://photo-storage-bj.vivo.com.cn/ai-avatar/sign_language_word_00001516.mp4,1210,common
00001278_0,雨,yŭ,https://photo-storage-bj.vivo.com.cn/ai-avatar/sign_language_word_00001278.mp4,1211,common
'00002378,语法,yŭfă,https://photo-storage-bj.vivo.com.cn/ai-avatar/sign_language_word_00002378.mp4,1212,common
00000022_2,语言,yŭyán,https://photo-storage-bj.vivo.com.cn/ai-avatar/sign_language_word_00000022.mp4,1213,common
'00003186,预防,yùfáng,https://photo-storage-bj.vivo.com.cn/ai-avatar/sign_language_word_00003186.mp4,1214,common
'00003861,预习,yùxí,https://photo-storage-bj.vivo.com.cn/ai-avatar/sign_language_word_00003861.mp4,1215,common
00000385_2,园,yuán,https://photo-storage-bj.vivo.com.cn/ai-avatar/sign_language_word_00000385.mp4,1216,common
'00000327,原来,yuánlái,https://photo-storage-bj.vivo.com.cn/ai-avatar/sign_language_word_00000327.mp4,1217,common
00000568_1,原谅,yuánliàng,https://photo-storage-bj.vivo.com.cn/ai-avatar/sign_language_word_00000568.mp4,1218,common
00000279_0,原因,yuányīn,https://photo-storage-bj.vivo.com.cn/ai-avatar/sign_language_word_00000279.mp4,1219,common
00001678_0,圆,yuán,https://photo-storage-bj.vivo.com.cn/ai-avatar/sign_language_word_00001678.mp4,1220,common
00000279_1,缘故,yuángù,https://photo-storage-bj.vivo.com.cn/ai-avatar/sign_language_word_00000279.mp4,1221,common
00000035_1,愿意,yuànyì,https://photo-storage-bj.vivo.com.cn/ai-avatar/sign_language_word_00000035.mp4,1222,common
'00000582,约会,yuē·huì,https://photo-storage-bj.vivo.com.cn/ai-avatar/sign_language_word_00000582.mp4,1223,common
'00002618,月亮,yuè·liɑng,https://photo-storage-bj.vivo.com.cn/ai-avatar/sign_language_word_00002618.mp4,1224,common
00003188_0,岳父,yuèfù,https://photo-storage-bj.vivo.com.cn/ai-avatar/sign_language_word_00003188.mp4,1225,common
00003865_0,岳母,yuèmŭ,https://photo-storage-bj.vivo.com.cn/ai-avatar/sign_language_word_00003865.mp4,1226,common
00000544_1,阅读,yuèdú,https://photo-storage-bj.vivo.com.cn/ai-avatar/sign_language_word_00000544.mp4,1227,common
00000616_1,越,yuè,https://photo-storage-bj.vivo.com.cn/ai-avatar/sign_language_word_00000616.mp4,1228,common
00002948_0,云①,yún,https://photo-storage-bj.vivo.com.cn/ai-avatar/sign_language_word_00002948.mp4,1229,common
00002284_0,云②,yún,https://photo-storage-bj.vivo.com.cn/ai-avatar/sign_language_word_00002284.mp4,1230,common
00002948_1,云层,yúncéng,https://photo-storage-bj.vivo.com.cn/ai-avatar/sign_language_word_00002948.mp4,1231,common
00002284_1,云海,yúnhăi,https://photo-storage-bj.vivo.com.cn/ai-avatar/sign_language_word_00002284.mp4,1232,common
00000693_0,匀称②,yúnchèn,https://photo-storage-bj.vivo.com.cn/ai-avatar/sign_language_word_00000693.mp4,1233,common
00000414_2,允许,yŭnxŭ,https://photo-storage-bj.vivo.com.cn/ai-avatar/sign_language_word_00000414.mp4,1234,common
'00000550,运动,yùndòng,https://photo-storage-bj.vivo.com.cn/ai-avatar/sign_language_word_00000550.mp4,1235,common
00000391_2,酝酿②,yùnniàng,https://photo-storage-bj.vivo.com.cn/ai-avatar/sign_language_word_00000391.mp4,1236,common
'00000989,杂志,zázhì,https://photo-storage-bj.vivo.com.cn/ai-avatar/sign_language_word_00000989.mp4,1237,common
00000019_1,再,zài,https://photo-storage-bj.vivo.com.cn/ai-avatar/sign_language_word_00000019.mp4,1238,common
00000008_0,在,zài,https://photo-storage-bj.vivo.com.cn/ai-avatar/sign_language_word_00000008.mp4,1239,common
00000162_1,咱俩,zánliă,https://photo-storage-bj.vivo.com.cn/ai-avatar/sign_language_word_00000162.mp4,1240,common
00000162_0,咱们,zán·men,https://photo-storage-bj.vivo.com.cn/ai-avatar/sign_language_word_00000162.mp4,1241,common
00000696_0,暂时,zànshí,https://photo-storage-bj.vivo.com.cn/ai-avatar/sign_language_word_00000696.mp4,1242,common
'00001633,脏,zāng,https://photo-storage-bj.vivo.com.cn/ai-avatar/sign_language_word_00001633.mp4,1243,common
'00000221,早上①,zăo·shɑng,https://photo-storage-bj.vivo.com.cn/ai-avatar/sign_language_word_00000221.mp4,1244,common
00000033_4,怎么样,zĕn·meyàng,https://photo-storage-bj.vivo.com.cn/ai-avatar/sign_language_word_00000033.mp4,1245,common
'00000799,增加,zēngjiā,https://photo-storage-bj.vivo.com.cn/ai-avatar/sign_language_word_00000799.mp4,1246,common
00000629_0,站,zhàn,https://photo-storage-bj.vivo.com.cn/ai-avatar/sign_language_word_00000629.mp4,1247,common
00000368_2,张,zhāng,https://photo-storage-bj.vivo.com.cn/ai-avatar/sign_language_word_00000368.mp4,1248,common
00000289_1,丈夫,zhàng·fu,https://photo-storage-bj.vivo.com.cn/ai-avatar/sign_language_word_00000289.mp4,1249,common
'00002950,障碍,zhàng'ài,https://photo-storage-bj.vivo.com.cn/ai-avatar/sign_language_word_00002950.mp4,1250,common
00000028_2,招待,zhāodài,https://photo-storage-bj.vivo.com.cn/ai-avatar/sign_language_word_00000028.mp4,1251,common
'00001441,招聘,zhāopìn,https://photo-storage-bj.vivo.com.cn/ai-avatar/sign_language_word_00001441.mp4,1252,common
00000067_0,找,zhăo,https://photo-storage-bj.vivo.com.cn/ai-avatar/sign_language_word_00000067.mp4,1253,common
00000405_1,照顾,zhàogù,https://photo-storage-bj.vivo.com.cn/ai-avatar/sign_language_word_00000405.mp4,1254,common
'00000254,照片,zhàopiàn,https://photo-storage-bj.vivo.com.cn/ai-avatar/sign_language_word_00000254.mp4,1255,common
00001136_0,照相,zhàoxiàng,https://photo-storage-bj.vivo.com.cn/ai-avatar/sign_language_word_00001136.mp4,1256,common
00000730_2,照样②,zhàoyàng,https://photo-storage-bj.vivo.com.cn/ai-avatar/sign_language_word_00000730.mp4,1257,common
00000058_1,这,zhè,https://photo-storage-bj.vivo.com.cn/ai-avatar/sign_language_word_00000058.mp4,1258,common
00000472_0,着急,zháojí,https://photo-storage-bj.vivo.com.cn/ai-avatar/sign_language_word_00000472.mp4,1259,common
00000250_3,珍贵,zhēnguì,https://photo-storage-bj.vivo.com.cn/ai-avatar/sign_language_word_00000250.mp4,1260,common
00000127_0,真②,zhēn,https://photo-storage-bj.vivo.com.cn/ai-avatar/sign_language_word_00000127.mp4,1261,common
00000127_1,真实②,zhēnshí,https://photo-storage-bj.vivo.com.cn/ai-avatar/sign_language_word_00000127.mp4,1262,common
00000886_0,整理,zhĕnglĭ,https://photo-storage-bj.vivo.com.cn/ai-avatar/sign_language_word_00000886.mp4,1263,common
00000143_2,整天,zhĕngtiān,https://photo-storage-bj.vivo.com.cn/ai-avatar/sign_language_word_00000143.mp4,1264,common
00000504_0,正,zhèng,https://photo-storage-bj.vivo.com.cn/ai-avatar/sign_language_word_00000504.mp4,1265,common
'00000393,正常,zhèngcháng,https://photo-storage-bj.vivo.com.cn/ai-avatar/sign_language_word_00000393.mp4,1266,common
00000693_1,正好,zhènghăo,https://photo-storage-bj.vivo.com.cn/ai-avatar/sign_language_word_00000693.mp4,1267,common
00000747_0,正面①,zhèngmiàn,https://photo-storage-bj.vivo.com.cn/ai-avatar/sign_language_word_00000747.mp4,1268,common
00000362_0,证明①,zhèngmíng,https://photo-storage-bj.vivo.com.cn/ai-avatar/sign_language_word_00000362.mp4,1269,common
00001442_0,症状,zhèngzhuàng,https://photo-storage-bj.vivo.com.cn/ai-avatar/sign_language_word_00001442.mp4,1270,common
'00000464,支持,zhīchí,https://photo-storage-bj.vivo.com.cn/ai-avatar/sign_language_word_00000464.mp4,1271,common
00000451_3,支出①,zhīchū,https://photo-storage-bj.vivo.com.cn/ai-avatar/sign_language_word_00000451.mp4,1272,common
00000025_0,知道,zhī·dào,https://photo-storage-bj.vivo.com.cn/ai-avatar/sign_language_word_00000025.mp4,1273,common
'00000853,知识,zhī·shi,https://photo-storage-bj.vivo.com.cn/ai-avatar/sign_language_word_00000853.mp4,1274,common
00000301_1,直接,zhíjiē,https://photo-storage-bj.vivo.com.cn/ai-avatar/sign_language_word_00000301.mp4,1275,common
'00002381,侄子,zhí·zi,https://photo-storage-bj.vivo.com.cn/ai-avatar/sign_language_word_00002381.mp4,1276,common
'00000843,职业,zhíyè,https://photo-storage-bj.vivo.com.cn/ai-avatar/sign_language_word_00000843.mp4,1277,common
'00001731,职员,zhíyuán,https://photo-storage-bj.vivo.com.cn/ai-avatar/sign_language_word_00001731.mp4,1278,common
'00001787,植物,zhíwù,https://photo-storage-bj.vivo.com.cn/ai-avatar/sign_language_word_00001787.mp4,1279,common
00000049_1,只要①,zhĭyào,https://photo-storage-bj.vivo.com.cn/ai-avatar/sign_language_word_00000049.mp4,1280,common
'00000203,只要②,zhĭyào,https://photo-storage-bj.vivo.com.cn/ai-avatar/sign_language_word_00000203.mp4,1281,common
00000368_0,纸,zhĭ,https://photo-storage-bj.vivo.com.cn/ai-avatar/sign_language_word_00000368.mp4,1282,common
'00003456,志气,zhì·qì,https://photo-storage-bj.vivo.com.cn/ai-avatar/sign_language_word_00003456.mp4,1283,common
'00003457,志愿,zhìyuàn,https://photo-storage-bj.vivo.com.cn/ai-avatar/sign_language_word_00003457.mp4,1284,common
'00000274,质量,zhìliàng,https://photo-storage-bj.vivo.com.cn/ai-avatar/sign_language_word_00000274.mp4,1285,common
00000781_1,治理,zhìlĭ,https://photo-storage-bj.vivo.com.cn/ai-avatar/sign_language_word_00000781.mp4,1286,common
00003072_1,致敬,zhìjìng,https://photo-storage-bj.vivo.com.cn/ai-avatar/sign_language_word_00003072.mp4,1287,common
00000096_2,致谢①,zhìxiè,https://photo-storage-bj.vivo.com.cn/ai-avatar/sign_language_word_00000096.mp4,1288,common
00003072_2,致谢②,zhìxiè,https://photo-storage-bj.vivo.com.cn/ai-avatar/sign_language_word_00003072.mp4,1289,common
00000443_2,智慧,zhìhuì,https://photo-storage-bj.vivo.com.cn/ai-avatar/sign_language_word_00000443.mp4,1290,common
'00000154,中国,Zhōngguó,https://photo-storage-bj.vivo.com.cn/ai-avatar/sign_language_word_00000154.mp4,1291,common
'00001280,中间,zhōngjiān,https://photo-storage-bj.vivo.com.cn/ai-avatar/sign_language_word_00001280.mp4,1292,common
'00000352,中午②,zhōngwŭ,https://photo-storage-bj.vivo.com.cn/ai-avatar/sign_language_word_00000352.mp4,1293,common
'00001238,重视,zhòngshì,https://photo-storage-bj.vivo.com.cn/ai-avatar/sign_language_word_00001238.mp4,1294,common
00000311_2,周到,zhōudào,https://photo-storage-bj.vivo.com.cn/ai-avatar/sign_language_word_00000311.mp4,1295,common
'00006857,周末,zhōumò,https://photo-storage-bj.vivo.com.cn/ai-avatar/sign_language_word_00006857.mp4,1296,common
'00001039,周围,zhōuwéi,https://photo-storage-bj.vivo.com.cn/ai-avatar/sign_language_word_00001039.mp4,1297,common
'00001561,主任,zhŭrèn,https://photo-storage-bj.vivo.com.cn/ai-avatar/sign_language_word_00001561.mp4,1298,common
'00000338,主要,zhŭyào,https://photo-storage-bj.vivo.com.cn/ai-avatar/sign_language_word_00000338.mp4,1299,common
00000388_1,主张,zhŭzhāng,https://photo-storage-bj.vivo.com.cn/ai-avatar/sign_language_word_00000388.mp4,1300,common
00000278_3,注册,zhùcè,https://photo-storage-bj.vivo.com.cn/ai-avatar/sign_language_word_00000278.mp4,1301,common
'00000294,注意①,zhùyì,https://photo-storage-bj.vivo.com.cn/ai-avatar/sign_language_word_00000294.mp4,1302,common
'00000295,注意②,zhùyì,https://photo-storage-bj.vivo.com.cn/ai-avatar/sign_language_word_00000295.mp4,1303,common
00000526_3,祝,zhù,https://photo-storage-bj.vivo.com.cn/ai-avatar/sign_language_word_00000526.mp4,1304,common
00001239_0,著名,zhùmíng,https://photo-storage-bj.vivo.com.cn/ai-avatar/sign_language_word_00001239.mp4,1305,common
'00001381,专家,zhuānjiā,https://photo-storage-bj.vivo.com.cn/ai-avatar/sign_language_word_00001381.mp4,1306,common
00000902_0,专门,zhuānmén,https://photo-storage-bj.vivo.com.cn/ai-avatar/sign_language_word_00000902.mp4,1307,common
'00001955,专心,zhuānxīn,https://photo-storage-bj.vivo.com.cn/ai-avatar/sign_language_word_00001955.mp4,1308,common
'00000461,专业,zhuānyè,https://photo-storage-bj.vivo.com.cn/ai-avatar/sign_language_word_00000461.mp4,1309,common
00000825_1,转,zhuăn,https://photo-storage-bj.vivo.com.cn/ai-avatar/sign_language_word_00000825.mp4,1310,common
'00000874,赚,zhuàn,https://photo-storage-bj.vivo.com.cn/ai-avatar/sign_language_word_00000874.mp4,1311,common
00000207_2,状态,zhuàngtài,https://photo-storage-bj.vivo.com.cn/ai-avatar/sign_language_word_00000207.mp4,1312,common
00000114_0,准备,zhŭnbèi,https://photo-storage-bj.vivo.com.cn/ai-avatar/sign_language_word_00000114.mp4,1313,common
00000957_0,准确,zhŭnquè,https://photo-storage-bj.vivo.com.cn/ai-avatar/sign_language_word_00000957.mp4,1314,common
00000498_0,桌子,zhuō·zi,https://photo-storage-bj.vivo.com.cn/ai-avatar/sign_language_word_00000498.mp4,1315,common
00000109_2,咨询,zīxún,https://photo-storage-bj.vivo.com.cn/ai-avatar/sign_language_word_00000109.mp4,1316,common
00000207_1,姿态,zītài,https://photo-storage-bj.vivo.com.cn/ai-avatar/sign_language_word_00000207.mp4,1317,common
00000082_2,资金,zījīn,https://photo-storage-bj.vivo.com.cn/ai-avatar/sign_language_word_00000082.mp4,1318,common
'00000046,自己,zìjĭ,https://photo-storage-bj.vivo.com.cn/ai-avatar/sign_language_word_00000046.mp4,1319,common
'00000854,自然,zìrán,https://photo-storage-bj.vivo.com.cn/ai-avatar/sign_language_word_00000854.mp4,1320,common
'00000809,自信,zìxìn,https://photo-storage-bj.vivo.com.cn/ai-avatar/sign_language_word_00000809.mp4,1321,common
'00000958,自行车①,zìxíngchē,https://photo-storage-bj.vivo.com.cn/ai-avatar/sign_language_word_00000958.mp4,1322,common
'00000959,自行车②,zìxíngchē,https://photo-storage-bj.vivo.com.cn/ai-avatar/sign_language_word_00000959.mp4,1323,common
00000319_0,自由,zìyóu,https://photo-storage-bj.vivo.com.cn/ai-avatar/sign_language_word_00000319.mp4,1324,common
'00000564,字,zì,https://photo-storage-bj.vivo.com.cn/ai-avatar/sign_language_word_00000564.mp4,1325,common
'00002028,总结,zŏngjié,https://photo-storage-bj.vivo.com.cn/ai-avatar/sign_language_word_00002028.mp4,1326,common
'00006683,总理,zŏnglĭ,https://photo-storage-bj.vivo.com.cn/ai-avatar/sign_language_word_00006683.mp4,1327,common
'00000099,走,zŏu,https://photo-storage-bj.vivo.com.cn/ai-avatar/sign_language_word_00000099.mp4,1328,common
00000535_2,族,zú,https://photo-storage-bj.vivo.com.cn/ai-avatar/sign_language_word_00000535.mp4,1329,common
00000535_1,组,zŭ,https://photo-storage-bj.vivo.com.cn/ai-avatar/sign_language_word_00000535.mp4,1330,common
00000906_1,嘴,zuĭ,https://photo-storage-bj.vivo.com.cn/ai-avatar/sign_language_word_00000906.mp4,1331,common
00000012_0,最①,zuì,https://photo-storage-bj.vivo.com.cn/ai-avatar/sign_language_word_00000012.mp4,1332,common
00000013_0,最②,zuì,https://photo-storage-bj.vivo.com.cn/ai-avatar/sign_language_word_00000013.mp4,1333,common
00000118_0,最后,zuìhòu,https://photo-storage-bj.vivo.com.cn/ai-avatar/sign_language_word_00000118.mp4,1334,common
00000120_2,最近,zuìjìn,https://photo-storage-bj.vivo.com.cn/ai-avatar/sign_language_word_00000120.mp4,1335,common
00001382_0,尊敬,zūnjìng,https://photo-storage-bj.vivo.com.cn/ai-avatar/sign_language_word_00001382.mp4,1336,common
'00000182,昨天,zuótiān,https://photo-storage-bj.vivo.com.cn/ai-avatar/sign_language_word_00000182.mp4,1337,common
'00003205,作家,zuòjiā,https://photo-storage-bj.vivo.com.cn/ai-avatar/sign_language_word_00003205.mp4,1338,common
'00000835,作业,zuòyè,https://photo-storage-bj.vivo.com.cn/ai-avatar/sign_language_word_00000835.mp4,1339,common
'00001095,作用,zuòyòng,https://photo-storage-bj.vivo.com.cn/ai-avatar/sign_language_word_00001095.mp4,1340,common
'00000041,做,zuò,https://photo-storage-bj.vivo.com.cn/ai-avatar/sign_language_word_00000041.mp4,1341,common
00002029_1,零,líng,https://photo-storage-bj.vivo.com.cn/ai-avatar/sign_language_word_00002029.mp4,0,digital_metering
00000151_1,一,yī,https://photo-storage-bj.vivo.com.cn/ai-avatar/sign_language_word_00000151.mp4,1,digital_metering
00000408_1,二,èr,https://photo-storage-bj.vivo.com.cn/ai-avatar/sign_language_word_00000408.mp4,2,digital_metering
00000339_1,三,sān,https://photo-storage-bj.vivo.com.cn/ai-avatar/sign_language_word_00000339.mp4,3,digital_metering
00000556_1,四,sì,https://photo-storage-bj.vivo.com.cn/ai-avatar/sign_language_word_00000556.mp4,4,digital_metering
00000312_1,五,wŭ,https://photo-storage-bj.vivo.com.cn/ai-avatar/sign_language_word_00000312.mp4,5,digital_metering
00000455_1,六,liù,https://photo-storage-bj.vivo.com.cn/ai-avatar/sign_language_word_00000455.mp4,6,digital_metering
00000614_1,七,qī,https://photo-storage-bj.vivo.com.cn/ai-avatar/sign_language_word_00000614.mp4,7,digital_metering
00000517_1,八,bā,https://photo-storage-bj.vivo.com.cn/ai-avatar/sign_language_word_00000517.mp4,8,digital_metering
00000572_1,九,jiŭ,https://photo-storage-bj.vivo.com.cn/ai-avatar/sign_language_word_00000572.mp4,9,digital_metering
00000334_1,十,shí,https://photo-storage-bj.vivo.com.cn/ai-avatar/sign_language_word_00000334.mp4,10,digital_metering
00003213_0,北②,bĕi ,https://ai-avatar-static.vivo.com.cn/ai-avatar/sign_language_word_00003213.mp4,0,direction
00003212,北①,bĕi ,https://ai-avatar-static.vivo.com.cn/ai-avatar/sign_language_word_00003212.mp4,1,direction
00002309,东②,dōng ,https://ai-avatar-static.vivo.com.cn/ai-avatar/sign_language_word_00002309.mp4,2,direction
00002308,东①,dōng ,https://ai-avatar-static.vivo.com.cn/ai-avatar/sign_language_word_00002308.mp4,3,direction
00014181,南,nán,https://ai-avatar-static.vivo.com.cn/ai-avatar/sign_language_word_00014181.mp4,4,direction
00000747_1,前面,qián miàn,https://ai-avatar-static.vivo.com.cn/ai-avatar/sign_language_word_00000747.mp4,6,direction
00000326_0,外,wài,https://ai-avatar-static.vivo.com.cn/ai-avatar/sign_language_word_00000326.mp4,7,direction
00014180,西,xī,https://ai-avatar-static.vivo.com.cn/ai-avatar/sign_language_word_00014180.mp4,9,direction
00000098_0,下,xià,https://ai-avatar-static.vivo.com.cn/ai-avatar/sign_language_word_00000098.mp4,10,direction
00000745,远,yuăn,https://ai-avatar-static.vivo.com.cn/ai-avatar/sign_language_word_00000745.mp4,11,direction
00001039,周围,zhōu wéi,https://ai-avatar-static.vivo.com.cn/ai-avatar/sign_language_word_00001039.mp4,15,direction
00000167,后①,hòu ,https://ai-avatar-static.vivo.com.cn/ai-avatar/sign_language_word_00000167.mp4,17,direction
00000168,后②,hòu ,https://ai-avatar-static.vivo.com.cn/ai-avatar/sign_language_word_00000168.mp4,18,direction
00000579_2,后面,hòu miàn,https://ai-avatar-static.vivo.com.cn/ai-avatar/sign_language_word_00000579.mp4,19,direction
00000181_0,内,nèi,https://ai-avatar-static.vivo.com.cn/ai-avatar/sign_language_word_00000181.mp4,20,direction
00000051_0,上,shàng,https://ai-avatar-static.vivo.com.cn/ai-avatar/sign_language_word_00000051.mp4,21,direction
00000366_0,近,jìn,https://ai-avatar-static.vivo.com.cn/ai-avatar/sign_language_word_00000366.mp4,22,direction
'00001156,包子,bāo·zi,https://photo-storage-bj.vivo.com.cn/ai-avatar/sign_language_word_00001156.mp4,0,food
00000190_0,菜,cài,https://photo-storage-bj.vivo.com.cn/ai-avatar/sign_language_word_00000190.mp4,1,food
00000479_0,茶,chá,https://photo-storage-bj.vivo.com.cn/ai-avatar/sign_language_word_00000479.mp4,2,food
'00000765,鸡蛋,jīdàn,https://photo-storage-bj.vivo.com.cn/ai-avatar/sign_language_word_00000765.mp4,3,food
'00000710,蛋糕②,dàngāo,https://photo-storage-bj.vivo.com.cn/ai-avatar/sign_language_word_00000710.mp4,4,food
'00001266,火锅,huŏguō,https://photo-storage-bj.vivo.com.cn/ai-avatar/sign_language_word_00001266.mp4,5,food
'00001183,饺子,jiǎo·zi,https://photo-storage-bj.vivo.com.cn/ai-avatar/sign_language_word_00001183.mp4,6,food
'00000328,咖啡,kāfēi,https://photo-storage-bj.vivo.com.cn/ai-avatar/sign_language_word_00000328.mp4,7,food
00000807_1,米饭,mĭfàn,https://photo-storage-bj.vivo.com.cn/ai-avatar/sign_language_word_00000807.mp4,8,food
00000594_0,面包,miànbāo,https://photo-storage-bj.vivo.com.cn/ai-avatar/sign_language_word_00000594.mp4,9,food
00001132_0,面条②,miàntiáo,https://photo-storage-bj.vivo.com.cn/ai-avatar/sign_language_word_00001132.mp4,10,food
'00001148,牛奶,niúnăi,https://photo-storage-bj.vivo.com.cn/ai-avatar/sign_language_word_00001148.mp4,11,food
'00000516,啤酒,píjiŭ,https://photo-storage-bj.vivo.com.cn/ai-avatar/sign_language_word_00000516.mp4,12,food
'00000737,苹果,píngguŏ,https://photo-storage-bj.vivo.com.cn/ai-avatar/sign_language_word_00000737.mp4,13,food
'00000952,葡萄,pútáo,https://photo-storage-bj.vivo.com.cn/ai-avatar/sign_language_word_00000952.mp4,14,food
'00000834,巧克力,qiăokèlì,https://photo-storage-bj.vivo.com.cn/ai-avatar/sign_language_word_00000834.mp4,15,food
'00001343,热水,rèshuĭ,https://photo-storage-bj.vivo.com.cn/ai-avatar/sign_language_word_00001343.mp4,16,food
'00000430,水果,shuĭguŏ,https://photo-storage-bj.vivo.com.cn/ai-avatar/sign_language_word_00000430.mp4,17,food
'00000537,汤,tāng,https://photo-storage-bj.vivo.com.cn/ai-avatar/sign_language_word_00000537.mp4,18,food
'00001672,西瓜②,xī·guā,https://photo-storage-bj.vivo.com.cn/ai-avatar/sign_language_word_00001672.mp4,19,food
00001134_0,香蕉,xiāngjiāo,https://photo-storage-bj.vivo.com.cn/ai-avatar/sign_language_word_00001134.mp4,20,food
'00000593,饮料,yĭnliào,https://photo-storage-bj.vivo.com.cn/ai-avatar/sign_language_word_00000593.mp4,21,food
00001389_1,光①,guāng,https://photo-storage-bj.vivo.com.cn/ai-avatar/sign_language_word_00001389.mp4,0,natural_landscape
00001746_1,海洋,hǎiyáng,https://photo-storage-bj.vivo.com.cn/ai-avatar/sign_language_word_00001746.mp4,1,natural_landscape
00005207_0,河,hé,https://photo-storage-bj.vivo.com.cn/ai-avatar/sign_language_word_00005207.mp4,2,natural_landscape
'00003376,森林,sēnlín,https://photo-storage-bj.vivo.com.cn/ai-avatar/sign_language_word_00003376.mp4,3,natural_landscape
00001274_0,闪电,shăndiàn,https://photo-storage-bj.vivo.com.cn/ai-avatar/sign_language_word_00001274.mp4,4,natural_landscape
'00002918,树②,shù,https://photo-storage-bj.vivo.com.cn/ai-avatar/sign_language_word_00002918.mp4,5,natural_landscape
'00000856,水①,shuĭ,https://photo-storage-bj.vivo.com.cn/ai-avatar/sign_language_word_00000856.mp4,6,natural_landscape
'00000857,水②,shuĭ,https://photo-storage-bj.vivo.com.cn/ai-avatar/sign_language_word_00000857.mp4,7,natural_landscape
'00001173,太阳,tài·yáng,https://photo-storage-bj.vivo.com.cn/ai-avatar/sign_language_word_00001173.mp4,8,natural_landscape
00000143_0,天,tiān,https://photo-storage-bj.vivo.com.cn/ai-avatar/sign_language_word_00000143.mp4,9,natural_landscape
00000672_0,天空,tiānkōng,https://photo-storage-bj.vivo.com.cn/ai-avatar/sign_language_word_00000672.mp4,10,natural_landscape
'00002618,月亮,yuè·liɑng,https://photo-storage-bj.vivo.com.cn/ai-avatar/sign_language_word_00002618.mp4,11,natural_landscape
00002948_0,云①,yún,https://photo-storage-bj.vivo.com.cn/ai-avatar/sign_language_word_00002948.mp4,12,natural_landscape
00002284_0,云②,yún,https://photo-storage-bj.vivo.com.cn/ai-avatar/sign_language_word_00002284.mp4,13,natural_landscape
'00002990,长江,Chángjiāng,https://photo-storage-bj.vivo.com.cn/ai-avatar/sign_language_word_00002990.mp4,14,natural_landscape
00003673,蒙古,mĕng gŭ,https://ai-avatar-static.vivo.com.cn/ai-avatar/sign_language_word_00003673.mp4,0,place_names
00002187,安徽,ān huī,https://ai-avatar-static.vivo.com.cn/ai-avatar/sign_language_word_00002187.mp4,1,place_names
00002628_0,澳门,ào mén,https://ai-avatar-static.vivo.com.cn/ai-avatar/sign_language_word_00002628.mp4,2,place_names
00000188_0,北京,bĕi jīng,https://ai-avatar-static.vivo.com.cn/ai-avatar/sign_language_word_00000188.mp4,3,place_names
00000860,成都,chéng dōu,https://ai-avatar-static.vivo.com.cn/ai-avatar/sign_language_word_00000860.mp4,4,place_names
00014503,福建,fú jiàn,https://ai-avatar-static.vivo.com.cn/ai-avatar/sign_language_word_00014503.mp4,5,place_names
00002842_0,甘肃,gān sù,https://ai-avatar-static.vivo.com.cn/ai-avatar/sign_language_word_00002842.mp4,6,place_names
00001745_0,广东,guăng dōng,https://ai-avatar-static.vivo.com.cn/ai-avatar/sign_language_word_00001745.mp4,7,place_names
00002546_0,广西,guăng xī,https://ai-avatar-static.vivo.com.cn/ai-avatar/sign_language_word_00002546.mp4,8,place_names
00000689,广州,guăng zhōu,https://ai-avatar-static.vivo.com.cn/ai-avatar/sign_language_word_00000689.mp4,9,place_names
00003042,贵阳,guì yáng,https://ai-avatar-static.vivo.com.cn/ai-avatar/sign_language_word_00003042.mp4,10,place_names
00000984_0,海南,hăi nán,https://ai-avatar-static.vivo.com.cn/ai-avatar/sign_language_word_00000984.mp4,11,place_names
00000764,杭州,háng zhōu,https://ai-avatar-static.vivo.com.cn/ai-avatar/sign_language_word_00000764.mp4,12,place_names
00002680,合肥,hé féi,https://ai-avatar-static.vivo.com.cn/ai-avatar/sign_language_word_00002680.mp4,13,place_names
00001972_0,湖南,hú nán,https://ai-avatar-static.vivo.com.cn/ai-avatar/sign_language_word_00001972.mp4,14,place_names
00003060,吉林,jí lín,https://ai-avatar-static.vivo.com.cn/ai-avatar/sign_language_word_00003060.mp4,15,place_names
00002335,济南,jì nán,https://ai-avatar-static.vivo.com.cn/ai-avatar/sign_language_word_00002335.mp4,16,place_names
00002693_0,江西,jiāng xī,https://ai-avatar-static.vivo.com.cn/ai-avatar/sign_language_word_00002693.mp4,17,place_names
00002240,昆明,kūn míng,https://ai-avatar-static.vivo.com.cn/ai-avatar/sign_language_word_00002240.mp4,18,place_names
00002571_0,辽宁,liáo níng,https://ai-avatar-static.vivo.com.cn/ai-avatar/sign_language_word_00002571.mp4,19,place_names
00000348,美国,mĕi guó,https://ai-avatar-static.vivo.com.cn/ai-avatar/sign_language_word_00000348.mp4,20,place_names
00003344,南昌,nán chāng,https://ai-avatar-static.vivo.com.cn/ai-avatar/sign_language_word_00003344.mp4,21,place_names
00000938_0,南京,nán jīng,https://ai-avatar-static.vivo.com.cn/ai-avatar/sign_language_word_00000938.mp4,22,place_names
00003106,南宁,nán níng,https://ai-avatar-static.vivo.com.cn/ai-avatar/sign_language_word_00003106.mp4,23,place_names
00000880,欧洲,ōu zhōu,https://ai-avatar-static.vivo.com.cn/ai-avatar/sign_language_word_00000880.mp4,24,place_names
00004267_0,陕西,shăn xī,https://ai-avatar-static.vivo.com.cn/ai-avatar/sign_language_word_00004267.mp4,25,place_names
00000284_0,上海,shàng hăi,https://ai-avatar-static.vivo.com.cn/ai-avatar/sign_language_word_00000284.mp4,26,place_names
00000814,深圳,shēn zhèn,https://ai-avatar-static.vivo.com.cn/ai-avatar/sign_language_word_00000814.mp4,27,place_names
00001323,沈阳,shĕn yáng,https://ai-avatar-static.vivo.com.cn/ai-avatar/sign_language_word_00001323.mp4,28,place_names
00002256,石家庄,shí jiā zhuāng,https://ai-avatar-static.vivo.com.cn/ai-avatar/sign_language_word_00002256.mp4,29,place_names
00003389,台北,tái bĕi,https://ai-avatar-static.vivo.com.cn/ai-avatar/sign_language_word_00003389.mp4,30,place_names
00000604_0,台湾,tái wān,https://ai-avatar-static.vivo.com.cn/ai-avatar/sign_language_word_00000604.mp4,31,place_names
00002082,太原,tài yuán,https://ai-avatar-static.vivo.com.cn/ai-avatar/sign_language_word_00002082.mp4,32,place_names
00001009_0,天津,tiān jīn,https://ai-avatar-static.vivo.com.cn/ai-avatar/sign_language_word_00001009.mp4,33,place_names
00002753,乌鲁木齐,wū lŭ mù qí,https://ai-avatar-static.vivo.com.cn/ai-avatar/sign_language_word_00002753.mp4,34,place_names
00001010,武汉,wŭ hàn,https://ai-avatar-static.vivo.com.cn/ai-avatar/sign_language_word_00001010.mp4,35,place_names
00003418,西宁,xī níng,https://ai-avatar-static.vivo.com.cn/ai-avatar/sign_language_word_00003418.mp4,36,place_names
00000628_0,香港,xiāng găng,https://ai-avatar-static.vivo.com.cn/ai-avatar/sign_language_word_00000628.mp4,37,place_names
00001207,新疆,xīn jiāng,https://ai-avatar-static.vivo.com.cn/ai-avatar/sign_language_word_00001207.mp4,38,place_names
00002400,长春,zhăng chūn,https://ai-avatar-static.vivo.com.cn/ai-avatar/sign_language_word_00002400.mp4,39,place_names
00001489,长沙,zhăng shā,https://ai-avatar-static.vivo.com.cn/ai-avatar/sign_language_word_00001489.mp4,40,place_names
00001832_0,浙江,zhè jiāng,https://ai-avatar-static.vivo.com.cn/ai-avatar/sign_language_word_00001832.mp4,41,place_names
00001519,郑州,zhèng zhōu,https://ai-avatar-static.vivo.com.cn/ai-avatar/sign_language_word_00001519.mp4,42,place_names
00000154,中国,zhōng guó,https://ai-avatar-static.vivo.com.cn/ai-avatar/sign_language_word_00000154.mp4,43,place_names
00001386_0,重庆,zhòng qìng,https://ai-avatar-static.vivo.com.cn/ai-avatar/sign_language_word_00001386.mp4,44,place_names
00001560,云南,yún nán,https://ai-avatar-static.vivo.com.cn/ai-avatar/sign_language_word_00001560.mp4,45,place_names
00002323,海口,hăi kŏu,https://ai-avatar-static.vivo.com.cn/ai-avatar/sign_language_word_00002323.mp4,46,place_names
00001090,四川,sì chuān,https://ai-avatar-static.vivo.com.cn/ai-avatar/sign_language_word_00001090.mp4,47,place_names
00001221,哈尔滨,hā ĕr bīn,https://ai-avatar-static.vivo.com.cn/ai-avatar/sign_language_word_00001221.mp4,48,place_names
00002076,山西,shān xī,https://ai-avatar-static.vivo.com.cn/ai-avatar/sign_language_word_00002076.mp4,49,place_names
00002242,拉萨,lā sà,https://ai-avatar-static.vivo.com.cn/ai-avatar/sign_language_word_00002242.mp4,50,place_names
00002328,河北,hé bĕi,https://ai-avatar-static.vivo.com.cn/ai-avatar/sign_language_word_00002328.mp4,51,place_names
00014537,山东,shān dōng,https://ai-avatar-static.vivo.com.cn/ai-avatar/sign_language_word_00014537.mp4,52,place_names
00002420,贵州,guì zhōu,https://ai-avatar-static.vivo.com.cn/ai-avatar/sign_language_word_00002420.mp4,53,place_names
00002681,黑龙江,hēi lóng jiāng,https://ai-avatar-static.vivo.com.cn/ai-avatar/sign_language_word_00002681.mp4,54,place_names
00003120,青海,qīng hăi,https://ai-avatar-static.vivo.com.cn/ai-avatar/sign_language_word_00003120.mp4,55,place_names
00003441,银川,yín chuān,https://ai-avatar-static.vivo.com.cn/ai-avatar/sign_language_word_00003441.mp4,56,place_names
00004233,宁夏,níng xià,https://ai-avatar-static.vivo.com.cn/ai-avatar/sign_language_word_00004233.mp4,57,place_names
00006680,自治区,zì zhì qū,https://ai-avatar-static.vivo.com.cn/ai-avatar/sign_language_word_00006680.mp4,58,place_names
00000907,西安,xī ān,https://ai-avatar-static.vivo.com.cn/ai-avatar/sign_language_word_00000907.mp4,59,place_names
00002128,福州,fú zhōu,https://ai-avatar-static.vivo.com.cn/ai-avatar/sign_language_word_00002128.mp4,60,place_names
00002154,内蒙古,nèi mĕng gŭ,https://ai-avatar-static.vivo.com.cn/ai-avatar/sign_language_word_00002154.mp4,61,place_names
00002337,江苏,jiāng sū,https://ai-avatar-static.vivo.com.cn/ai-avatar/sign_language_word_00002337.mp4,62,place_names
00002703,兰州,lán zhōu,https://ai-avatar-static.vivo.com.cn/ai-avatar/sign_language_word_00002703.mp4,63,place_names
00004124,呼和浩特,hū hé hào tè,https://ai-avatar-static.vivo.com.cn/ai-avatar/sign_language_word_00004124.mp4,64,place_names
00014570,河南,hé nán,https://ai-avatar-static.vivo.com.cn/ai-avatar/sign_language_word_00014570.mp4,65,place_names
00001824,西藏,xī zàng,https://ai-avatar-static.vivo.com.cn/ai-avatar/sign_language_word_00001824.mp4,66,place_names
00002683,湖北,hú bĕi,https://ai-avatar-static.vivo.com.cn/ai-avatar/sign_language_word_00002683.mp4,67,place_names
00000240_1,宾馆,bīnguǎn,https://photo-storage-bj.vivo.com.cn/ai-avatar/sign_language_word_00000240.mp4,0,place
'00000698,超市,chāoshì,https://photo-storage-bj.vivo.com.cn/ai-avatar/sign_language_word_00000698.mp4,1,place
00000415_1,城市,chéngshì,https://photo-storage-bj.vivo.com.cn/ai-avatar/sign_language_word_00000415.mp4,2,place
00002999_0,大使馆,dàshĭguǎn,https://photo-storage-bj.vivo.com.cn/ai-avatar/sign_language_word_00002999.mp4,3,place
'00001843,电影院,diànyĭngyuàn,https://photo-storage-bj.vivo.com.cn/ai-avatar/sign_language_word_00001843.mp4,4,place
'00002836,法院,fǎyuàn,https://photo-storage-bj.vivo.com.cn/ai-avatar/sign_language_word_00002836.mp4,5,place
00000236_1,饭店,fàndiàn,https://photo-storage-bj.vivo.com.cn/ai-avatar/sign_language_word_00000236.mp4,6,place
'00000079,公司,gōngsī,https://photo-storage-bj.vivo.com.cn/ai-avatar/sign_language_word_00000079.mp4,7,place
'00000983,公园,gōngyuán,https://photo-storage-bj.vivo.com.cn/ai-avatar/sign_language_word_00000983.mp4,8,place
'00000438,机场,jīchǎng,https://photo-storage-bj.vivo.com.cn/ai-avatar/sign_language_word_00000438.mp4,9,place
00000121_0,家,jiā,https://photo-storage-bj.vivo.com.cn/ai-avatar/sign_language_word_00000121.mp4,10,place
00001916_0,郊区,jiāoqū,https://photo-storage-bj.vivo.com.cn/ai-avatar/sign_language_word_00001916.mp4,11,place
'00001336,教室,jiàoshì,https://photo-storage-bj.vivo.com.cn/ai-avatar/sign_language_word_00001336.mp4,12,place
00001493_1,街道,jiēdào,https://photo-storage-bj.vivo.com.cn/ai-avatar/sign_language_word_00001493.mp4,13,place
'00005427,敬老院,jìnglǎoyuàn,https://photo-storage-bj.vivo.com.cn/ai-avatar/sign_language_word_00005427.mp4,14,place
00001625_2,楼,lóu,https://photo-storage-bj.vivo.com.cn/ai-avatar/sign_language_word_00001625.mp4,15,place
'00000777,商店,shāngdiàn,https://photo-storage-bj.vivo.com.cn/ai-avatar/sign_language_word_00000777.mp4,16,place
00000447_2,宿舍,sùshè,https://photo-storage-bj.vivo.com.cn/ai-avatar/sign_language_word_00000447.mp4,17,place
'00000732,图书馆,túshūguăn,https://photo-storage-bj.vivo.com.cn/ai-avatar/sign_language_word_00000732.mp4,18,place
'00000169,学校,xuéxiào,https://photo-storage-bj.vivo.com.cn/ai-avatar/sign_language_word_00000169.mp4,19,place
'00000381,医院,yīyuàn,https://photo-storage-bj.vivo.com.cn/ai-avatar/sign_language_word_00000381.mp4,20,place
00000235_0,银行,yínháng,https://photo-storage-bj.vivo.com.cn/ai-avatar/sign_language_word_00000235.mp4,21,place
'00002494,邮局,yóujú,https://photo-storage-bj.vivo.com.cn/ai-avatar/sign_language_word_00002494.mp4,22,place
'00001595,幼儿园,yòu'éryuán,https://photo-storage-bj.vivo.com.cn/ai-avatar/sign_language_word_00001595.mp4,23,place
'00000773,导游②,dǎoyóu,https://photo-storage-bj.vivo.com.cn/ai-avatar/sign_language_word_00000773.mp4,0,profession
'00000670,服务员,fúwùyuán,https://photo-storage-bj.vivo.com.cn/ai-avatar/sign_language_word_00000670.mp4,1,profession
'00001701,工人,gōngrén,https://photo-storage-bj.vivo.com.cn/ai-avatar/sign_language_word_00001701.mp4,2,profession
'00001462,护士,hù·shi,https://photo-storage-bj.vivo.com.cn/ai-avatar/sign_language_word_00001462.mp4,3,profession
'00001975,记者,jìzhĕ,https://photo-storage-bj.vivo.com.cn/ai-avatar/sign_language_word_00001975.mp4,4,profession
'00004155,交警,jiāojĭng,https://photo-storage-bj.vivo.com.cn/ai-avatar/sign_language_word_00004155.mp4,5,profession
'00001184,教练,jiàoliàn,https://photo-storage-bj.vivo.com.cn/ai-avatar/sign_language_word_00001184.mp4,6,profession
'00000444,经理,jīnglĭ,https://photo-storage-bj.vivo.com.cn/ai-avatar/sign_language_word_00000444.mp4,7,profession
'00000905,警察,jĭngchá,https://photo-storage-bj.vivo.com.cn/ai-avatar/sign_language_word_00000905.mp4,8,profession
00000068_0,老师,lǎoshī,https://photo-storage-bj.vivo.com.cn/ai-avatar/sign_language_word_00000068.mp4,9,profession
'00000895,秘书,mìshū,https://photo-storage-bj.vivo.com.cn/ai-avatar/sign_language_word_00000895.mp4,10,profession
'00001724,校长,xiàozhăng,https://photo-storage-bj.vivo.com.cn/ai-avatar/sign_language_word_00001724.mp4,11,profession
'00000300,学生,xué·shēng,https://photo-storage-bj.vivo.com.cn/ai-avatar/sign_language_word_00000300.mp4,12,profession
'00001783,演员,yănyuán,https://photo-storage-bj.vivo.com.cn/ai-avatar/sign_language_word_00001783.mp4,13,profession
00000255_0,医生,yīshēng,https://photo-storage-bj.vivo.com.cn/ai-avatar/sign_language_word_00000255.mp4,14,profession
'00001731,职员,zhíyuán,https://photo-storage-bj.vivo.com.cn/ai-avatar/sign_language_word_00001731.mp4,15,profession
'00003205,作家,zuòjiā,https://photo-storage-bj.vivo.com.cn/ai-avatar/sign_language_word_00003205.mp4,16,profession
00000194_1,爸爸,bà·bɑ,https://photo-storage-bj.vivo.com.cn/ai-avatar/sign_language_word_00000194.mp4,0,relationship
'00000551,宝贝,bǎo·bèi,https://photo-storage-bj.vivo.com.cn/ai-avatar/sign_language_word_00000551.mp4,1,relationship
00000140_0,大家,dàjiā,https://photo-storage-bj.vivo.com.cn/ai-avatar/sign_language_word_00000140.mp4,2,relationship
'00000305,弟弟,dì·di,https://photo-storage-bj.vivo.com.cn/ai-avatar/sign_language_word_00000305.mp4,3,relationship
'00000320,儿子①,ér·zi,https://photo-storage-bj.vivo.com.cn/ai-avatar/sign_language_word_00000320.mp4,4,relationship
00000280_1,儿子②,ér·zi,https://photo-storage-bj.vivo.com.cn/ai-avatar/sign_language_word_00000280.mp4,5,relationship
'00000288,哥哥,gē·ge,https://photo-storage-bj.vivo.com.cn/ai-avatar/sign_language_word_00000288.mp4,6,relationship
'00000246,姐姐,jiĕ·jie,https://photo-storage-bj.vivo.com.cn/ai-avatar/sign_language_word_00000246.mp4,7,relationship
00000159_1,妈妈,mā·mɑ,https://photo-storage-bj.vivo.com.cn/ai-avatar/sign_language_word_00000159.mp4,8,relationship
'00000271,妹妹,mèi·mei,https://photo-storage-bj.vivo.com.cn/ai-avatar/sign_language_word_00000271.mp4,9,relationship
00000812_0,奶奶,năi·nɑi,https://photo-storage-bj.vivo.com.cn/ai-avatar/sign_language_word_00000812.mp4,10,relationship
00000003_0,你,nĭ,https://photo-storage-bj.vivo.com.cn/ai-avatar/sign_language_word_00000003.mp4,11,relationship
00000798_0,你俩,nĭliă,https://photo-storage-bj.vivo.com.cn/ai-avatar/sign_language_word_00000798.mp4,12,relationship
'00000026,你们,nĭ·men,https://photo-storage-bj.vivo.com.cn/ai-avatar/sign_language_word_00000026.mp4,13,relationship
'00000383,女儿①,nǚ'ér,https://photo-storage-bj.vivo.com.cn/ai-avatar/sign_language_word_00000383.mp4,14,relationship
00000222_1,女儿②,nǚ'ér,https://photo-storage-bj.vivo.com.cn/ai-avatar/sign_language_word_00000222.mp4,15,relationship
00000105_0,朋友,péng·you,https://photo-storage-bj.vivo.com.cn/ai-avatar/sign_language_word_00000105.mp4,16,relationship
00001471_1,亲戚,qīn·qi,https://photo-storage-bj.vivo.com.cn/ai-avatar/sign_language_word_00001471.mp4,17,relationship
'00001089,叔叔②,shū·shu,https://photo-storage-bj.vivo.com.cn/ai-avatar/sign_language_word_00001089.mp4,18,relationship
'00002165,孙子,sūn·zi,https://photo-storage-bj.vivo.com.cn/ai-avatar/sign_language_word_00002165.mp4,19,relationship
00000006_0,他,tā,https://photo-storage-bj.vivo.com.cn/ai-avatar/sign_language_word_00000006.mp4,20,relationship
00000044_0,他们,tā·men,https://photo-storage-bj.vivo.com.cn/ai-avatar/sign_language_word_00000044.mp4,21,relationship
'00000400,同事,tóngshì,https://photo-storage-bj.vivo.com.cn/ai-avatar/sign_language_word_00000400.mp4,22,relationship
'00000249,同学①,tóngxué,https://photo-storage-bj.vivo.com.cn/ai-avatar/sign_language_word_00000249.mp4,23,relationship
'00003155,外公,wàigōng,https://photo-storage-bj.vivo.com.cn/ai-avatar/sign_language_word_00003155.mp4,24,relationship
'00002603,外甥,wài·sheng,https://photo-storage-bj.vivo.com.cn/ai-avatar/sign_language_word_00002603.mp4,25,relationship
'00000002,我,wŏ,https://photo-storage-bj.vivo.com.cn/ai-avatar/sign_language_word_00000002.mp4,26,relationship
'00000007,我们,wŏ·men,https://photo-storage-bj.vivo.com.cn/ai-avatar/sign_language_word_00000007.mp4,27,relationship
00000068_1,先生①,xiān·sheng,https://photo-storage-bj.vivo.com.cn/ai-avatar/sign_language_word_00000068.mp4,28,relationship
00000909_0,爷爷,yé·ye,https://photo-storage-bj.vivo.com.cn/ai-avatar/sign_language_word_00000909.mp4,29,relationship
00003188_0,岳父,yuèfù,https://photo-storage-bj.vivo.com.cn/ai-avatar/sign_language_word_00003188.mp4,30,relationship
00003865_0,岳母,yuèmŭ,https://photo-storage-bj.vivo.com.cn/ai-avatar/sign_language_word_00003865.mp4,31,relationship
00000162_0,咱们,zán·men,https://photo-storage-bj.vivo.com.cn/ai-avatar/sign_language_word_00000162.mp4,32,relationship
00000289_1,丈夫,zhàng·fu,https://photo-storage-bj.vivo.com.cn/ai-avatar/sign_language_word_00000289.mp4,33,relationship
'00002381,侄子,zhí·zi,https://photo-storage-bj.vivo.com.cn/ai-avatar/sign_language_word_00002381.mp4,34,relationship
'00000046,自己,zìjĭ,https://photo-storage-bj.vivo.com.cn/ai-avatar/sign_language_word_00000046.mp4,35,relationship
00003521,春②,chūn ,https://ai-avatar-static.vivo.com.cn/ai-avatar/sign_language_word_00003521.mp4,0,season
00003520,春①,chūn ,https://ai-avatar-static.vivo.com.cn/ai-avatar/sign_language_word_00003520.mp4,1,season
00002592_0,摄氏度,shè shì dù,https://ai-avatar-static.vivo.com.cn/ai-avatar/sign_language_word_00002592.mp4,9,season
00001670_0,温度,wēn dù,https://ai-avatar-static.vivo.com.cn/ai-avatar/sign_language_word_00001670.mp4,10,season
00001081,季节,jì jié,https://ai-avatar-static.vivo.com.cn/ai-avatar/sign_language_word_00001081.mp4,11,season
00002585,晴,qíng,https://ai-avatar-static.vivo.com.cn/ai-avatar/sign_language_word_00002585.mp4,12,season
00001278_1,下雨,xià yŭ,https://ai-avatar-static.vivo.com.cn/ai-avatar/sign_language_word_00001278.mp4,14,season
00001285_1,刮风,guā fēng,https://ai-avatar-static.vivo.com.cn/ai-avatar/sign_language_word_00001285.mp4,15,season
'00000257,小时,xiăoshí,https://photo-storage-bj.vivo.com.cn/ai-avatar/sign_language_word_00000257.mp4,0,time
00000410_0,分钟,fēnzhōng,https://photo-storage-bj.vivo.com.cn/ai-avatar/sign_language_word_00000410.mp4,1,time
00000226_0,年,nián,https://photo-storage-bj.vivo.com.cn/ai-avatar/sign_language_word_00000226.mp4,2,time
00000145_1,将来,jiānglái,https://photo-storage-bj.vivo.com.cn/ai-avatar/sign_language_word_00000145.mp4,3,time
'00000052,今天,jīntiān,https://photo-storage-bj.vivo.com.cn/ai-avatar/sign_language_word_00000052.mp4,4,time
'00000090,明天,míngtiān,https://photo-storage-bj.vivo.com.cn/ai-avatar/sign_language_word_00000090.mp4,5,time
'00000182,昨天,zuótiān,https://photo-storage-bj.vivo.com.cn/ai-avatar/sign_language_word_00000182.mp4,6,time
00000200_0,每天,mĕitiān,https://photo-storage-bj.vivo.com.cn/ai-avatar/sign_language_word_00000200.mp4,7,time
00000124_0,晚上,wănshàng,https://photo-storage-bj.vivo.com.cn/ai-avatar/sign_language_word_00000124.mp4,8,time
'00000221,早上①,zăo·shɑng,https://photo-storage-bj.vivo.com.cn/ai-avatar/sign_language_word_00000221.mp4,9,time
'00000352,中午②,zhōngwŭ,https://photo-storage-bj.vivo.com.cn/ai-avatar/sign_language_word_00000352.mp4,10,time
'00000195,下午①,xiàwŭ,https://photo-storage-bj.vivo.com.cn/ai-avatar/sign_language_word_00000195.mp4,11,time
'00000196,下午②,xiàwŭ,https://photo-storage-bj.vivo.com.cn/ai-avatar/sign_language_word_00000196.mp4,12,time
'00000538,上午①,shàngwŭ,https://photo-storage-bj.vivo.com.cn/ai-avatar/sign_language_word_00000538.mp4,13,time
00000184_1,上午②,shàngwŭ,https://photo-storage-bj.vivo.com.cn/ai-avatar/sign_language_word_00000184.mp4,14,time
00000029_0,现在,xiànzài,https://photo-storage-bj.vivo.com.cn/ai-avatar/sign_language_word_00000029.mp4,15,time
00000083_0,以前,yĭqián,https://photo-storage-bj.vivo.com.cn/ai-avatar/sign_language_word_00000083.mp4,16,time
00000696_0,暂时,zànshí,https://photo-storage-bj.vivo.com.cn/ai-avatar/sign_language_word_00000696.mp4,17,time
'00006848,今年,jīnnián,https://photo-storage-bj.vivo.com.cn/ai-avatar/sign_language_word_00006848.mp4,18,time
00000325_1,当时,dāngshí,https://photo-storage-bj.vivo.com.cn/ai-avatar/sign_language_word_00000325.mp4,19,time
00000037_0,时间,shíjiān,https://photo-storage-bj.vivo.com.cn/ai-avatar/sign_language_word_00000037.mp4,20,time
00006837_0,星期六①,xīngqīliù,https://photo-storage-bj.vivo.com.cn/ai-avatar/sign_language_word_00006837.mp4,21,time
00006838_1,星期日①,xīngqīrì,https://photo-storage-bj.vivo.com.cn/ai-avatar/sign_language_word_00006838.mp4,22,time
'00000256,一会儿,yīhuìr,https://photo-storage-bj.vivo.com.cn/ai-avatar/sign_language_word_00000256.mp4,23,time
00000514_0,一星期,yīxīngqī,https://photo-storage-bj.vivo.com.cn/ai-avatar/sign_language_word_00000514.mp4,24,time
'00006849,明年,míngnián,https://photo-storage-bj.vivo.com.cn/ai-avatar/sign_language_word_00006849.mp4,25,time
'00006857,周末,zhōumò,https://photo-storage-bj.vivo.com.cn/ai-avatar/sign_language_word_00006857.mp4,26,time
'00000731,随时,suíshí,https://photo-storage-bj.vivo.com.cn/ai-avatar/sign_language_word_00000731.mp4,27,time
00001884_0,一月,yīyuè,https://photo-storage-bj.vivo.com.cn/ai-avatar/sign_language_word_00001884.mp4,28,time
00006861_2,二月,èryuè,https://photo-storage-bj.vivo.com.cn/ai-avatar/sign_language_word_00006861.mp4,29,time
00006862_2,三月,sānyuè,https://photo-storage-bj.vivo.com.cn/ai-avatar/sign_language_word_00006862.mp4,30,time
00006863_2,四月,sìyuè,https://photo-storage-bj.vivo.com.cn/ai-avatar/sign_language_word_00006863.mp4,31,time
00006864_2,五月,wŭyuè,https://photo-storage-bj.vivo.com.cn/ai-avatar/sign_language_word_00006864.mp4,32,time
00006865_2,六月,liùyuè,https://photo-storage-bj.vivo.com.cn/ai-avatar/sign_language_word_00006865.mp4,33,time
00006866_2,七月,qīyuè,https://photo-storage-bj.vivo.com.cn/ai-avatar/sign_language_word_00006866.mp4,34,time
00006867_2,八月,bāyuè,https://photo-storage-bj.vivo.com.cn/ai-avatar/sign_language_word_00006867.mp4,35,time
00006868_2,九月,jiŭyuè,https://photo-storage-bj.vivo.com.cn/ai-avatar/sign_language_word_00006868.mp4,36,time
00006869_2,十月,shíyuè,https://photo-storage-bj.vivo.com.cn/ai-avatar/sign_language_word_00006869.mp4,37,time
00006870_2,十一月,shíyīyuè,https://photo-storage-bj.vivo.com.cn/ai-avatar/sign_language_word_00006870.mp4,38,time
00006871_2,十二月,shí'èryuè,https://photo-storage-bj.vivo.com.cn/ai-avatar/sign_language_word_00006871.mp4,39,time
'00001896,安全带①,ānquándài,https://photo-storage-bj.vivo.com.cn/ai-avatar/sign_language_word_00001896.mp4,0,traffic
'00001897,安全带②,ānquándài,https://photo-storage-bj.vivo.com.cn/ai-avatar/sign_language_word_00001897.mp4,1,traffic
00004535_0,斑马线,bānmǎxiàn,https://photo-storage-bj.vivo.com.cn/ai-avatar/sign_language_word_00004535.mp4,2,traffic
00001358_0,船,chuán,https://photo-storage-bj.vivo.com.cn/ai-avatar/sign_language_word_00001358.mp4,3,traffic
'00000993,地铁,dìtiĕ,https://photo-storage-bj.vivo.com.cn/ai-avatar/sign_language_word_00000993.mp4,4,traffic
00001799_0,动车②,dòngchē,https://photo-storage-bj.vivo.com.cn/ai-avatar/sign_language_word_00001799.mp4,5,traffic
'00001058,堵车,dŭchē,https://photo-storage-bj.vivo.com.cn/ai-avatar/sign_language_word_00001058.mp4,6,traffic
00000396_0,飞机,fēijī,https://photo-storage-bj.vivo.com.cn/ai-avatar/sign_language_word_00000396.mp4,7,traffic
'00002129,高铁②,gāotiĕ,https://photo-storage-bj.vivo.com.cn/ai-avatar/sign_language_word_00002129.mp4,8,traffic
'00001077,公交车,gōngjiāochē,https://photo-storage-bj.vivo.com.cn/ai-avatar/sign_language_word_00001077.mp4,9,traffic
'00000457,护照,hùzhào,https://photo-storage-bj.vivo.com.cn/ai-avatar/sign_language_word_00000457.mp4,10,traffic
'00000574,火车,huŏchē,https://photo-storage-bj.vivo.com.cn/ai-avatar/sign_language_word_00000574.mp4,11,traffic
00000233_3,开车,kāichē,https://photo-storage-bj.vivo.com.cn/ai-avatar/sign_language_word_00000233.mp4,12,traffic
00000183_0,旅游,lǚyóu,https://photo-storage-bj.vivo.com.cn/ai-avatar/sign_language_word_00000183.mp4,13,traffic
00001928_0,摩托车,mótuōchē,https://photo-storage-bj.vivo.com.cn/ai-avatar/sign_language_word_00001928.mp4,14,traffic
'00000939,排队,páiduì,https://photo-storage-bj.vivo.com.cn/ai-avatar/sign_language_word_00000939.mp4,15,traffic
00002073_0,桥,qiáo,https://photo-storage-bj.vivo.com.cn/ai-avatar/sign_language_word_00002073.mp4,16,traffic
'00000958,自行车①,zìxíngchē,https://photo-storage-bj.vivo.com.cn/ai-avatar/sign_language_word_00000958.mp4,17,traffic
'00000959,自行车②,zìxíngchē,https://photo-storage-bj.vivo.com.cn/ai-avatar/sign_language_word_00000959.mp4,18,traffic
